{"level":"INFO","timestamp":"2026-04-27T00:18:35.014+0500","caller":"app/app.go:90","message":"🚀 Order Kafka consumer running"}
{"level":"INFO","timestamp":"2026-04-27T00:18:35.042+0500","caller":"order_consumer/consumer.go:31","message":"Starting order consumer service"}
{"level":"INFO","timestamp":"2026-04-27T00:18:38.029+0500","caller":"sarama@v1.48.0/consumer_group.go:869","message":"New session","member_id":"sarama-745023dd-de38-4acf-b0b0-e1803b3d627a","claims":{"order.paid":[0]}}
{"level":"INFO","timestamp":"2026-04-27T00:19:44.238+0500","caller":"sarama@v1.48.0/consumer_group.go:969","message":"Kafka session context done"}
{"level":"INFO","timestamp":"2026-04-27T00:19:44.741+0500","caller":"order_consumer/consumer.go:33","message":"Kafka consumer group rebalancing..."}
{"level":"INFO","timestamp":"2026-04-27T00:19:44.757+0500","caller":"sarama@v1.48.0/consumer_group.go:869","message":"New session","member_id":"sarama-745023dd-de38-4acf-b0b0-e1803b3d627a","claims":{"order.paid":[1]}}
{"level":"INFO","timestamp":"2026-04-27T00:25:41.849+0500","caller":"app/app.go:34","message":"Shutdown signal received"}
{"level":"INFO","timestamp":"2026-04-27T00:25:41.850+0500","caller":"sync/once.go:78","message":"🚦 Начинаем процесс graceful shutdown..."}
{"level":"INFO","timestamp":"2026-04-27T00:25:41.849+0500","caller":"runtime/asm_amd64.s:1693","message":"🛑 Получен системный сигнал, начинаем graceful shutdown..."}
{"level":"INFO","timestamp":"2026-04-27T00:25:41.850+0500","caller":"closer/closer.go:171","message":"🧩 Закрываем Kafka sync producer..."}
{"level":"INFO","timestamp":"2026-04-27T00:25:41.849+0500","caller":"sarama@v1.48.0/consumer_group.go:969","message":"Kafka session context done"}
{"level":"INFO","timestamp":"2026-04-27T00:25:41.850+0500","caller":"closer/closer.go:171","message":"🧩 Закрываем Kafka consumer group..."}
{"level":"INFO","timestamp":"2026-04-27T00:25:41.850+0500","caller":"closer/closer.go:171","message":"✅ Kafka sync producer успешно закрыт за 357.855µs"}
{"level":"ERROR","timestamp":"2026-04-27T00:25:42.078+0500","caller":"order_consumer/consumer.go:35","message":"Failed to start order consumer service","error":"context canceled"}
{"level":"INFO","timestamp":"2026-04-27T00:25:42.088+0500","caller":"closer/closer.go:171","message":"✅ Kafka consumer group успешно закрыт за 238.177569ms"}
{"level":"INFO","timestamp":"2026-04-27T00:25:42.088+0500","caller":"sync/once.go:78","message":"✅ Все ресурсы успешно закрыты"}
0500","caller":"sarama@v1.48.0/consumer_group.go:969","message":"message received","member_id":"sarama-3792e4a6-4e31-4509-88b1-691f83f7320a","key":"27f223be-f0c8-44fe-bc9b-976884c8cfee","partition":0,"offset":0}
{"level":"INFO","timestamp":"2026-04-27T00:23:13.526+0500","caller":"consumer/groupHandler.go:66","message":"Kafka msg received","topic":"order.paid"}
{"level":"INFO","timestamp":"2026-04-27T00:23:13.528+0500","caller":"order_consumer/handler.go:21","message":"Processing message","topic":"order.paid","partition":0,"offset":0,"order_uuid":"27f223be-f0c8-44fe-bc9b-976884c8cfee","event_uuid":"d3a61e02-4209-45dc-8ad2-01816f354874","payment_method":"investor-money","transaction_uuid":"9bffdfb0-775f-4f6c-8d29-b9e9d0a8836e"}
{"level":"INFO","timestamp":"2026-04-27T00:23:17.815+0500","caller":"order_producer/producer.go:27","message":"Message sent","topic":"order.assembled","partition":0,"offset":0,"key":"d3a61e02-4209-45dc-8ad2-01816f354874","value":"\n$d3a61e02-4209-45dc-8ad2-01816f354874\u0012$27f223be-f0c8-44fe-bc9b-976884c8cfee\u001a$27f223be-f0c8-44fe-bc9b-976884c8cfee \u0004"}
{"level":"INFO","timestamp":"2026-04-27T00:24:02.363+0500","caller":"payment/payment.go:15","message":"payment succeeded","transaction_uuid":"03f14efa-fa56-48ef-b382-bad3872a8f3e","order_uuid":"c2376ab6-d3d4-43b9-9b6d-a44fe1c072f2","user_uuid":"c2376ab6-d3d4-43b9-9b6d-a44fe1c072f2","payment_method":4}
{"level":"INFO","timestamp":"2026-04-27T00:24:02.381+0500","caller":"order_producer/producer.go:28","message":"Message sent","topic":"order.paid","partition":0,"offset":1,"key":"c2376ab6-d3d4-43b9-9b6d-a44fe1c072f2","value":"\n$222ab3f1-24ed-4f89-a936-4a1c9b65f1ad\u0012$c2376ab6-d3d4-43b9-9b6d-a44fe1c072f2\u001a$c2376ab6-d3d4-43b9-9b6d-a44fe1c072f2\"\u000einvestor-money*$03f14efa-fa56-48ef-b382-bad3872a8f3e"}
{"level":"INFO","timestamp":"2026-04-27T00:24:02.382+0500","caller":"sarama@v1.48.0/consumer_group.go:969","message":"message received","member_id":"sarama-3792e4a6-4e31-4509-88b1-691f83f7320a","key":"c2376ab6-d3d4-43b9-9b6d-a44fe1c072f2","partition":0,"offset":1}
{"level":"INFO","timestamp":"2026-04-27T00:24:02.383+0500","caller":"consumer/groupHandler.go:66","message":"Kafka msg received","topic":"order.paid"}
{"level":"INFO","timestamp":"2026-04-27T00:24:02.383+0500","caller":"order_consumer/handler.go:21","message":"Processing message","topic":"order.paid","partition":0,"offset":1,"order_uuid":"c2376ab6-d3d4-43b9-9b6d-a44fe1c072f2","event_uuid":"222ab3f1-24ed-4f89-a936-4a1c9b65f1ad","payment_method":"investor-money","transaction_uuid":"03f14efa-fa56-48ef-b382-bad3872a8f3e"}
{"level":"INFO","timestamp":"2026-04-27T00:24:10.390+0500","caller":"order_producer/producer.go:27","message":"Message sent","topic":"order.assembled","partition":0,"offset":1,"key":"222ab3f1-24ed-4f89-a936-4a1c9b65f1ad","value":"\n$222ab3f1-24ed-4f89-a936-4a1c9b65f1ad\u0012$c2376ab6-d3d4-43b9-9b6d-a44fe1c072f2\u001a$c2376ab6-d3d4-43b9-9b6d-a44fe1c072f2 \u0008"}
{"level":"INFO","timestamp":"2026-04-27T00:25:42.510+0500","caller":"sarama@v1.48.0/consumer_group.go:969","message":"Kafka session context done"}
{"level":"INFO","timestamp":"2026-04-27T00:25:43.013+0500","caller":"order_consumer/consumer.go:33","message":"Kafka consumer group rebalancing..."}
{"level":"INFO","timestamp":"2026-04-27T00:25:43.026+0500","caller":"sarama@v1.48.0/consumer_group.go:869","message":"New session","member_id":"sarama-3792e4a6-4e31-4509-88b1-691f83f7320a","claims":{"order.paid":[0,1]}}
{"level":"INFO","timestamp":"2026-04-27T00:25:44.025+0500","caller":"app/app.go:34","message":"Shutdown signal received"}
{"level":"INFO","timestamp":"2026-04-27T00:25:44.025+0500","caller":"sarama@v1.48.0/consumer_group.go:969","message":"Kafka session context done"}
{"level":"INFO","timestamp":"2026-04-27T00:25:44.025+0500","caller":"sarama@v1.48.0/consumer_group.go:969","message":"Kafka session context done"}
{"level":"INFO","timestamp":"2026-04-27T00:25:44.025+0500","caller":"runtime/asm_amd64.s:1693","message":"🛑 Получен системный сигнал, начинаем graceful shutdown..."}
{"level":"INFO","timestamp":"2026-04-27T00:25:44.025+0500","caller":"sync/once.go:78","message":"🚦 Начинаем процесс graceful shutdown..."}
{"level":"INFO","timestamp":"2026-04-27T00:25:44.026+0500","caller":"closer/closer.go:171","message":"🧩 Закрываем Kafka consumer group..."}
{"level":"INFO","timestamp":"2026-04-27T00:25:44.026+0500","caller":"closer/closer.go:171","message":"🧩 Закрываем Kafka sync producer..."}
{"level":"INFO","timestamp":"2026-04-27T00:25:44.026+0500","caller":"closer/closer.go:171","message":"✅ Kafka sync producer успешно закрыт за 334.822µs"}
{"level":"ERROR","timestamp":"2026-04-27T00:25:44.133+0500","caller":"order_consumer/consumer.go:35","message":"Failed to start order consumer service","error":"context canceled"}
{"level":"INFO","timestamp":"2026-04-27T00:25:44.138+0500","caller":"closer/closer.go:171","message":"✅ Kafka consumer group успешно закрыт за 111.750722ms"}
{"level":"INFO","timestamp":"2026-04-27T00:25:44.138+0500","caller":"sync/once.go:78","message":"✅ Все ресурсы успешно закрыты"}
{"level":"INFO","timestamp":"2026-04-27T00:25:51.227+0500","caller":"app/app.go:90","message":"🚀 Order Kafka consumer running"}
{"level":"INFO","timestamp":"2026-04-27T00:25:51.236+0500","caller":"order_consumer/consumer.go:31","message":"Starting order consumer service"}
{"level":"INFO","timestamp":"2026-04-27T00:25:51.249+0500","caller":"sarama@v1.48.0/consumer_group.go:869","message":"New session","member_id":"sarama-c0fa3891-024f-4e3a-8ebf-e1222c8330fb","claims":{"order.paid":[0,1]}}
{"level":"INFO","timestamp":"2026-04-27T00:25:56.866+0500","caller":"app/app.go:90","message":"🚀 Order Kafka consumer running"}
{"level":"INFO","timestamp":"2026-04-27T00:25:56.874+0500","caller":"order_consumer/consumer.go:31","message":"Starting order consumer service"}
{"level":"INFO","timestamp":"2026-04-27T00:25:57.384+0500","caller":"sarama@v1.48.0/consumer_group.go:969","message":"Kafka session context done"}
{"level":"INFO","timestamp":"2026-04-27T00:25:57.384+0500","caller":"sarama@v1.48.0/consumer_group.go:969","message":"Kafka session context done"}
{"level":"INFO","timestamp":"2026-04-27T00:25:57.887+0500","caller":"order_consumer/consumer.go:33","message":"Kafka consumer group rebalancing..."}
{"level":"INFO","timestamp":"2026-04-27T00:25:57.898+0500","caller":"sarama@v1.48.0/consumer_group.go:869","message":"New session","member_id":"sarama-c0fa3891-024f-4e3a-8ebf-e1222c8330fb","claims":{"order.paid":[1]}}
{"level":"INFO","timestamp":"2026-04-27T00:25:57.898+0500","caller":"sarama@v1.48.0/consumer_group.go:869","message":"New session","member_id":"sarama-068a51fa-53e0-4bfe-8892-217db6683ae5","claims":{"order.paid":[0]}}
{"level":"INFO","timestamp":"2026-04-27T00:26:52.589+0500","caller":"sarama@v1.48.0/consumer_group.go:969","message":"Kafka session context done"}
{"level":"INFO","timestamp":"2026-04-27T00:26:53.092+0500","caller":"order_consumer/consumer.go:33","message":"Kafka consumer group rebalancing..."}
{"level":"INFO","timestamp":"2026-04-27T00:26:53.106+0500","caller":"sarama@v1.48.0/consumer_group.go:869","message":"New session","member_id":"sarama-c0fa3891-024f-4e3a-8ebf-e1222c8330fb","claims":{"order.paid":[0,1]}}
{"level":"INFO","timestamp":"2026-04-27T00:26:56.563+0500","caller":"payment/payment.go:15","message":"payment succeeded","transaction_uuid":"d2b06c4e-48f6-4118-95cc-dd120e53cf91","order_uuid":"c2376ab6-d3d4-43b9-9b6d-a44fe1c072f2","user_uuid":"c2376ab6-d3d4-43b9-9b6d-a44fe1c072f2","payment_method":4}
{"level":"INFO","timestamp":"2026-04-27T00:26:56.573+0500","caller":"order_producer/producer.go:28","message":"Message sent","topic":"order.paid","partition":0,"offset":0,"key":"c2376ab6-d3d4-43b9-9b6d-a44fe1c072f2","value":"\n$52140a7b-9410-4429-8c85-2e6a1987d2cd\u0012$c2376ab6-d3d4-43b9-9b6d-a44fe1c072f2\u001a$c2376ab6-d3d4-43b9-9b6d-a44fe1c072f2\"\u000einvestor-money*$d2b06c4e-48f6-4118-95cc-dd120e53cf91"}
{"level":"INFO","timestamp":"2026-04-27T00:26:56.574+0500","caller":"sarama@v1.48.0/consumer_group.go:969","message":"message received","member_id":"sarama-c0fa3891-024f-4e3a-8ebf-e1222c8330fb","key":"c2376ab6-d3d4-43b9-9b6d-a44fe1c072f2","partition":0,"offset":0}
{"level":"INFO","timestamp":"2026-04-27T00:26:56.574+0500","caller":"consumer/groupHandler.go:66","message":"Kafka msg received","topic":"order.paid"}
{"level":"INFO","timestamp":"2026-04-27T00:26:56.575+0500","caller":"order_consumer/handler.go:21","message":"Processing message","topic":"order.paid","partition":0,"offset":0,"order_uuid":"c2376ab6-d3d4-43b9-9b6d-a44fe1c072f2","event_uuid":"52140a7b-9410-4429-8c85-2e6a1987d2cd","payment_method":"investor-money","transaction_uuid":"d2b06c4e-48f6-4118-95cc-dd120e53cf91"}
{"level":"INFO","timestamp":"2026-04-27T00:27:06.590+0500","caller":"order_producer/producer.go:27","message":"Message sent","topic":"order.assembled","partition":0,"offset":2,"key":"52140a7b-9410-4429-8c85-2e6a1987d2cd","value":"\n$52140a7b-9410-4429-8c85-2e6a1987d2cd\u0012$c2376ab6-d3d4-43b9-9b6d-a44fe1c072f2\u001a$c2376ab6-d3d4-43b9-9b6d-a44fe1c072f2 \n"}
{"level":"INFO","timestamp":"2026-04-27T00:27:13.065+0500","caller":"app/app.go:90","message":"🚀 Order Kafka consumer running"}
{"level":"INFO","timestamp":"2026-04-27T00:27:13.073+0500","caller":"order_consumer/consumer.go:31","message":"Starting order consumer service"}
{"level":"INFO","timestamp":"2026-04-27T00:27:14.176+0500","caller":"sarama@v1.48.0/consumer_group.go:969","message":"Kafka session context done"}
{"level":"INFO","timestamp":"2026-04-27T00:27:14.176+0500","caller":"sarama@v1.48.0/consumer_group.go:969","message":"Kafka session context done"}
{"level":"INFO","timestamp":"2026-04-27T00:27:14.679+0500","caller":"order_consumer/consumer.go:33","message":"Kafka consumer group rebalancing..."}
{"level":"INFO","timestamp":"2026-04-27T00:27:14.690+0500","caller":"sarama@v1.48.0/consumer_group.go:869","message":"New session","member_id":"sarama-c0fa3891-024f-4e3a-8ebf-e1222c8330fb","claims":{"order.paid":[0]}}
{"level":"INFO","timestamp":"2026-04-27T00:27:14.690+0500","caller":"sarama@v1.48.0/consumer_group.go:869","message":"New session","member_id":"sarama-e5143445-e177-4fad-a1a7-6f70e8e68fef","claims":{"order.paid":[1]}}
{"level":"INFO","timestamp":"2026-04-27T00:27:30.487+0500","caller":"payment/payment.go:15","message":"payment succeeded","transaction_uuid":"35bd8eb7-6428-4a50-8d5f-5feca1ad893d","order_uuid":"c2376ab6-d3d4-43b9-9b6d-a44fe1c072f2","user_uuid":"c2376ab6-d3d4-43b9-9b6d-a44fe1c072f2","payment_method":4}
{"level":"INFO","timestamp":"2026-04-27T00:27:30.505+0500","caller":"order_producer/producer.go:28","message":"Message sent","topic":"order.paid","partition":0,"offset":1,"key":"c2376ab6-d3d4-43b9-9b6d-a44fe1c072f2","value":"\n$46d562f2-4e14-4ef3-946c-76019b041bc7\u0012$c2376ab6-d3d4-43b9-9b6d-a44fe1c072f2\u001a$c2376ab6-d3d4-43b9-9b6d-a44fe1c072f2\"\u000einvestor-money*$35bd8eb7-6428-4a50-8d5f-5feca1ad893d"}
{"level":"INFO","timestamp":"2026-04-27T00:27:30.506+0500","caller":"sarama@v1.48.0/consumer_group.go:969","message":"message received","member_id":"sarama-c0fa3891-024f-4e3a-8ebf-e1222c8330fb","key":"c2376ab6-d3d4-43b9-9b6d-a44fe1c072f2","partition":0,"offset":1}
{"level":"INFO","timestamp":"2026-04-27T00:27:30.507+0500","caller":"consumer/groupHandler.go:66","message":"Kafka msg received","topic":"order.paid"}
{"level":"INFO","timestamp":"2026-04-27T00:27:30.507+0500","caller":"order_consumer/handler.go:21","message":"Processing message","topic":"order.paid","partition":0,"offset":1,"order_uuid":"c2376ab6-d3d4-43b9-9b6d-a44fe1c072f2","event_uuid":"46d562f2-4e14-4ef3-946c-76019b041bc7","payment_method":"investor-money","transaction_uuid":"35bd8eb7-6428-4a50-8d5f-5feca1ad893d"}
{"level":"INFO","timestamp":"2026-04-27T00:27:36.510+0500","caller":"order_producer/producer.go:27","message":"Message sent","topic":"order.assembled","partition":0,"offset":3,"key":"46d562f2-4e14-4ef3-946c-76019b041bc7","value":"\n$46d562f2-4e14-4ef3-946c-76019b041bc7\u0012$c2376ab6-d3d4-43b9-9b6d-a44fe1c072f2\u001a$c2376ab6-d3d4-43b9-9b6d-a44fe1c072f2 \u0006"}
{"level":"INFO","timestamp":"2026-04-27T00:28:17.553+0500","caller":"payment/payment.go:15","message":"payment succeeded","transaction_uuid":"e43b93de-f924-470b-bf56-ad4a99ec6443","order_uuid":"27f223be-f0c8-44fe-bc9b-976884c8cfee","user_uuid":"27f223be-f0c8-44fe-bc9b-976884c8cfee","payment_method":4}
{"level":"INFO","timestamp":"2026-04-27T00:28:17.557+0500","caller":"order_producer/producer.go:28","message":"Message sent","topic":"order.paid","partition":0,"offset":2,"key":"27f223be-f0c8-44fe-bc9b-976884c8cfee","value":"\n$17d4b84c-9275-48dd-a32e-4a5a882add1b\u0012$27f223be-f0c8-44fe-bc9b-976884c8cfee\u001a$27f223be-f0c8-44fe-bc9b-976884c8cfee\"\u000einvestor-money*$e43b93de-f924-470b-bf56-ad4a99ec6443"}
{"level":"INFO","timestamp":"2026-04-27T00:28:17.558+0500","caller":"sarama@v1.48.0/consumer_group.go:969","message":"message received","member_id":"sarama-c0fa3891-024f-4e3a-8ebf-e1222c8330fb","key":"27f223be-f0c8-44fe-bc9b-976884c8cfee","partition":0,"offset":2}
{"level":"INFO","timestamp":"2026-04-27T00:28:17.558+0500","caller":"consumer/groupHandler.go:66","message":"Kafka msg received","topic":"order.paid"}
{"level":"INFO","timestamp":"2026-04-27T00:28:17.558+0500","caller":"order_consumer/handler.go:21","message":"Processing message","topic":"order.paid","partition":0,"offset":2,"order_uuid":"27f223be-f0c8-44fe-bc9b-976884c8cfee","event_uuid":"17d4b84c-9275-48dd-a32e-4a5a882add1b","payment_method":"investor-money","transaction_uuid":"e43b93de-f924-470b-bf56-ad4a99ec6443"}
{"level":"INFO","timestamp":"2026-04-27T00:28:26.561+0500","caller":"order_producer/producer.go:27","message":"Message sent","topic":"order.assembled","partition":0,"offset":4,"key":"17d4b84c-9275-48dd-a32e-4a5a882add1b","value":"\n$17d4b84c-9275-48dd-a32e-4a5a882add1b\u0012$27f223be-f0c8-44fe-bc9b-976884c8cfee\u001a$27f223be-f0c8-44fe-bc9b-976884c8cfee \t"}
{"level":"ERROR","timestamp":"2026-04-27T00:33:04.065+0500","caller":"order/create.go:35","message":"Ошибка с работой с InventoryClient"}
{"level":"INFO","timestamp":"2026-04-27T00:34:04.801+0500","caller":"payment/payment.go:15","message":"payment succeeded","transaction_uuid":"c8649d43-34c0-457a-8b40-0100a42f56d5","order_uuid":"d6a3bc05-8da5-4aab-b82d-71c58fff9a2a","user_uuid":"d6a3bc05-8da5-4aab-b82d-71c58fff9a2a","payment_method":4}
{"level":"INFO","timestamp":"2026-04-27T00:34:04.812+0500","caller":"order_producer/producer.go:28","message":"Message sent","topic":"order.paid","partition":0,"offset":3,"key":"d6a3bc05-8da5-4aab-b82d-71c58fff9a2a","value":"\n$02d75bbe-8320-41f7-9f13-10728aac75a6\u0012$d6a3bc05-8da5-4aab-b82d-71c58fff9a2a\u001a$d6a3bc05-8da5-4aab-b82d-71c58fff9a2a\"\u000einvestor-money*$c8649d43-34c0-457a-8b40-0100a42f56d5"}
{"level":"INFO","timestamp":"2026-04-27T00:34:04.814+0500","caller":"sarama@v1.48.0/consumer_group.go:969","message":"message received","member_id":"sarama-c0fa3891-024f-4e3a-8ebf-e1222c8330fb","key":"d6a3bc05-8da5-4aab-b82d-71c58fff9a2a","partition":0,"offset":3}
{"level":"INFO","timestamp":"2026-04-27T00:34:04.815+0500","caller":"consumer/groupHandler.go:66","message":"Kafka msg received","topic":"order.paid"}
{"level":"INFO","timestamp":"2026-04-27T00:34:04.815+0500","caller":"order_consumer/handler.go:21","message":"Processing message","topic":"order.paid","partition":0,"offset":3,"order_uuid":"d6a3bc05-8da5-4aab-b82d-71c58fff9a2a","event_uuid":"02d75bbe-8320-41f7-9f13-10728aac75a6","payment_method":"investor-money","transaction_uuid":"c8649d43-34c0-457a-8b40-0100a42f56d5"}
{"level":"INFO","timestamp":"2026-04-27T00:34:10.818+0500","caller":"order_producer/producer.go:27","message":"Message sent","topic":"order.assembled","partition":0,"offset":5,"key":"02d75bbe-8320-41f7-9f13-10728aac75a6","value":"\n$02d75bbe-8320-41f7-9f13-10728aac75a6\u0012$d6a3bc05-8da5-4aab-b82d-71c58fff9a2a\u001a$d6a3bc05-8da5-4aab-b82d-71c58fff9a2a \u0006"}
{"level":"INFO","timestamp":"2026-04-27T00:40:51.307+0500","caller":"sarama@v1.48.0/consumer_group.go:969","message":"Kafka session context done"}
{"level":"INFO","timestamp":"2026-04-27T00:40:51.809+0500","caller":"order_consumer/consumer.go:33","message":"Kafka consumer group rebalancing..."}
{"level":"INFO","timestamp":"2026-04-27T00:40:51.823+0500","caller":"sarama@v1.48.0/consumer_group.go:869","message":"New session","member_id":"sarama-e5143445-e177-4fad-a1a7-6f70e8e68fef","claims":{"order.paid":[0,1]}}
{"level":"INFO","timestamp":"2026-04-27T00:42:05.273+0500","caller":"app/app.go:34","message":"Shutdown signal received"}
{"level":"INFO","timestamp":"2026-04-27T00:42:05.273+0500","caller":"runtime/asm_amd64.s:1693","message":"🛑 Получен системный сигнал, начинаем graceful shutdown..."}
{"level":"INFO","timestamp":"2026-04-27T00:42:05.273+0500","caller":"sarama@v1.48.0/consumer_group.go:969","message":"Kafka session context done"}
{"level":"INFO","timestamp":"2026-04-27T00:42:05.273+0500","caller":"sarama@v1.48.0/consumer_group.go:969","message":"Kafka session context done"}
{"level":"INFO","timestamp":"2026-04-27T00:42:05.274+0500","caller":"sync/once.go:78","message":"🚦 Начинаем процесс graceful shutdown..."}
{"level":"INFO","timestamp":"2026-04-27T00:42:05.275+0500","caller":"closer/closer.go:171","message":"🧩 Закрываем Kafka consumer group..."}
{"level":"INFO","timestamp":"2026-04-27T00:42:05.275+0500","caller":"closer/closer.go:171","message":"🧩 Закрываем Kafka sync producer..."}
{"level":"INFO","timestamp":"2026-04-27T00:42:05.276+0500","caller":"closer/closer.go:171","message":"✅ Kafka sync producer успешно закрыт за 917.579µs"}
{"level":"ERROR","timestamp":"2026-04-27T00:42:05.438+0500","caller":"order_consumer/consumer.go:35","message":"Failed to start order consumer service","error":"context canceled"}
{"level":"INFO","timestamp":"2026-04-27T00:42:05.453+0500","caller":"closer/closer.go:171","message":"✅ Kafka consumer group успешно закрыт за 178.02779ms"}
{"level":"INFO","timestamp":"2026-04-27T00:42:05.453+0500","caller":"sync/once.go:78","message":"✅ Все ресурсы успешно закрыты"}
{"level":"INFO","timestamp":"2026-04-27T00:42:28.180+0500","caller":"app/app.go:90","message":"🚀 Order Kafka consumer running"}
{"level":"INFO","timestamp":"2026-04-27T00:42:28.189+0500","caller":"order_consumer/consumer.go:31","message":"Starting order consumer service"}
{"level":"INFO","timestamp":"2026-04-27T00:42:28.202+0500","caller":"sarama@v1.48.0/consumer_group.go:869","message":"New session","member_id":"sarama-d095f3c9-5e79-4046-8a30-0131f1ccbf4c","claims":{"order.paid":[0,1]}}
{"level":"INFO","timestamp":"2026-04-27T00:42:36.442+0500","caller":"app/app.go:90","message":"🚀 Order Kafka consumer running"}
{"level":"INFO","timestamp":"2026-04-27T00:42:36.449+0500","caller":"order_consumer/consumer.go:31","message":"Starting order consumer service"}
{"level":"INFO","timestamp":"2026-04-27T00:42:37.357+0500","caller":"sarama@v1.48.0/consumer_group.go:969","message":"Kafka session context done"}
{"level":"INFO","timestamp":"2026-04-27T00:42:37.357+0500","caller":"sarama@v1.48.0/consumer_group.go:969","message":"Kafka session context done"}
{"level":"INFO","timestamp":"2026-04-27T00:42:37.860+0500","caller":"order_consumer/consumer.go:33","message":"Kafka consumer group rebalancing..."}
{"level":"INFO","timestamp":"2026-04-27T00:42:37.877+0500","caller":"sarama@v1.48.0/consumer_group.go:869","message":"New session","member_id":"sarama-d095f3c9-5e79-4046-8a30-0131f1ccbf4c","claims":{"order.paid":[1]}}
{"level":"INFO","timestamp":"2026-04-27T00:42:37.877+0500","caller":"sarama@v1.48.0/consumer_group.go:869","message":"New session","member_id":"sarama-09e3d772-10f8-41cd-8358-8534ed3ebfc4","claims":{"order.paid":[0]}}
{"level":"INFO","timestamp":"2026-04-27T00:42:46.526+0500","caller":"payment/payment.go:15","message":"payment succeeded","transaction_uuid":"981bcd0e-9d2b-414b-a54e-5fdf3355b584","order_uuid":"d6a3bc05-8da5-4aab-b82d-71c58fff9a2a","user_uuid":"d6a3bc05-8da5-4aab-b82d-71c58fff9a2a","payment_method":4}
{"level":"INFO","timestamp":"2026-04-27T00:42:46.539+0500","caller":"order_producer/producer.go:28","message":"Message sent","topic":"order.paid","partition":0,"offset":0,"key":"d6a3bc05-8da5-4aab-b82d-71c58fff9a2a","value":"\n$207ff060-785b-40a0-853c-5c24b0c81e43\u0012$d6a3bc05-8da5-4aab-b82d-71c58fff9a2a\u001a$d6a3bc05-8da5-4aab-b82d-71c58fff9a2a\"\u000einvestor-money*$981bcd0e-9d2b-414b-a54e-5fdf3355b584"}
{"level":"INFO","timestamp":"2026-04-27T00:42:46.541+0500","caller":"sarama@v1.48.0/consumer_group.go:969","message":"message received","member_id":"sarama-09e3d772-10f8-41cd-8358-8534ed3ebfc4","key":"d6a3bc05-8da5-4aab-b82d-71c58fff9a2a","partition":0,"offset":0}
{"level":"INFO","timestamp":"2026-04-27T00:42:46.542+0500","caller":"consumer/groupHandler.go:66","message":"Kafka msg received","topic":"order.paid"}
{"level":"INFO","timestamp":"2026-04-27T00:42:46.544+0500","caller":"order_consumer/handler.go:21","message":"Processing message","topic":"order.paid","partition":0,"offset":0,"order_uuid":"d6a3bc05-8da5-4aab-b82d-71c58fff9a2a","event_uuid":"207ff060-785b-40a0-853c-5c24b0c81e43","payment_method":"investor-money","transaction_uuid":"981bcd0e-9d2b-414b-a54e-5fdf3355b584"}
{"level":"INFO","timestamp":"2026-04-27T00:42:50.254+0500","caller":"payment/payment.go:15","message":"payment succeeded","transaction_uuid":"77779ed4-f990-4061-994c-b79b5f857423","order_uuid":"27f223be-f0c8-44fe-bc9b-976884c8cfee","user_uuid":"27f223be-f0c8-44fe-bc9b-976884c8cfee","payment_method":4}
{"level":"INFO","timestamp":"2026-04-27T00:42:50.259+0500","caller":"order_producer/producer.go:28","message":"Message sent","topic":"order.paid","partition":0,"offset":1,"key":"27f223be-f0c8-44fe-bc9b-976884c8cfee","value":"\n$65881f32-8e06-4726-9a45-d43d282a6486\u0012$27f223be-f0c8-44fe-bc9b-976884c8cfee\u001a$27f223be-f0c8-44fe-bc9b-976884c8cfee\"\u000einvestor-money*$77779ed4-f990-4061-994c-b79b5f857423"}
{"level":"INFO","timestamp":"2026-04-27T00:42:51.554+0500","caller":"order_producer/producer.go:27","message":"Message sent","topic":"order.assembled","partition":0,"offset":6,"key":"207ff060-785b-40a0-853c-5c24b0c81e43","value":"\n$207ff060-785b-40a0-853c-5c24b0c81e43\u0012$d6a3bc05-8da5-4aab-b82d-71c58fff9a2a\u001a$d6a3bc05-8da5-4aab-b82d-71c58fff9a2a \u0005"}
{"level":"INFO","timestamp":"2026-04-27T00:42:51.554+0500","caller":"sarama@v1.48.0/consumer_group.go:969","message":"message received","member_id":"sarama-09e3d772-10f8-41cd-8358-8534ed3ebfc4","key":"27f223be-f0c8-44fe-bc9b-976884c8cfee","partition":0,"offset":1}
{"level":"INFO","timestamp":"2026-04-27T00:42:51.554+0500","caller":"consumer/groupHandler.go:66","message":"Kafka msg received","topic":"order.paid"}
{"level":"INFO","timestamp":"2026-04-27T00:42:51.554+0500","caller":"order_consumer/handler.go:21","message":"Processing message","topic":"order.paid","partition":0,"offset":1,"order_uuid":"27f223be-f0c8-44fe-bc9b-976884c8cfee","event_uuid":"65881f32-8e06-4726-9a45-d43d282a6486","payment_method":"investor-money","transaction_uuid":"77779ed4-f990-4061-994c-b79b5f857423"}
{"level":"INFO","timestamp":"2026-04-27T00:42:59.874+0500","caller":"payment/payment.go:15","message":"payment succeeded","transaction_uuid":"48bc1170-25be-424c-b176-0cc3d84328bc","order_uuid":"c2376ab6-d3d4-43b9-9b6d-a44fe1c072f2","user_uuid":"c2376ab6-d3d4-43b9-9b6d-a44fe1c072f2","payment_method":4}
{"level":"INFO","timestamp":"2026-04-27T00:42:59.880+0500","caller":"order_producer/producer.go:28","message":"Message sent","topic":"order.paid","partition":0,"offset":2,"key":"c2376ab6-d3d4-43b9-9b6d-a44fe1c072f2","value":"\n$a6c8dd78-d278-4aa8-b534-f8d97088a283\u0012$c2376ab6-d3d4-43b9-9b6d-a44fe1c072f2\u001a$c2376ab6-d3d4-43b9-9b6d-a44fe1c072f2\"\u000einvestor-money*$48bc1170-25be-424c-b176-0cc3d84328bc"}
{"level":"INFO","timestamp":"2026-04-27T00:43:00.558+0500","caller":"order_producer/producer.go:27","message":"Message sent","topic":"order.assembled","partition":0,"offset":7,"key":"65881f32-8e06-4726-9a45-d43d282a6486","value":"\n$65881f32-8e06-4726-9a45-d43d282a6486\u0012$27f223be-f0c8-44fe-bc9b-976884c8cfee\u001a$27f223be-f0c8-44fe-bc9b-976884c8cfee \t"}
{"level":"INFO","timestamp":"2026-04-27T00:43:00.558+0500","caller":"sarama@v1.48.0/consumer_group.go:969","message":"message received","member_id":"sarama-09e3d772-10f8-41cd-8358-8534ed3ebfc4","key":"c2376ab6-d3d4-43b9-9b6d-a44fe1c072f2","partition":0,"offset":2}
{"level":"INFO","timestamp":"2026-04-27T00:43:00.558+0500","caller":"consumer/groupHandler.go:66","message":"Kafka msg received","topic":"order.paid"}
{"level":"INFO","timestamp":"2026-04-27T00:43:00.558+0500","caller":"order_consumer/handler.go:21","message":"Processing message","topic":"order.paid","partition":0,"offset":2,"order_uuid":"c2376ab6-d3d4-43b9-9b6d-a44fe1c072f2","event_uuid":"a6c8dd78-d278-4aa8-b534-f8d97088a283","payment_method":"investor-money","transaction_uuid":"48bc1170-25be-424c-b176-0cc3d84328bc"}
{"level":"INFO","timestamp":"2026-04-27T00:43:01.563+0500","caller":"order_producer/producer.go:27","message":"Message sent","topic":"order.assembled","partition":0,"offset":8,"key":"a6c8dd78-d278-4aa8-b534-f8d97088a283","value":"\n$a6c8dd78-d278-4aa8-b534-f8d97088a283\u0012$c2376ab6-d3d4-43b9-9b6d-a44fe1c072f2\u001a$c2376ab6-d3d4-43b9-9b6d-a44fe1c072f2 \u0001"}
{"level":"INFO","timestamp":"2026-04-27T00:43:16.934+0500","caller":"app/app.go:34","message":"Shutdown signal received"}
{"level":"INFO","timestamp":"2026-04-27T00:43:16.935+0500","caller":"sync/once.go:78","message":"🚦 Начинаем процесс graceful shutdown..."}
{"level":"INFO","timestamp":"2026-04-27T00:43:16.934+0500","caller":"runtime/asm_amd64.s:1693","message":"🛑 Получен системный сигнал, начинаем graceful shutdown..."}
{"level":"INFO","timestamp":"2026-04-27T00:43:16.935+0500","caller":"sarama@v1.48.0/consumer_group.go:969","message":"Kafka session context done"}
{"level":"INFO","timestamp":"2026-04-27T00:43:16.935+0500","caller":"closer/closer.go:171","message":"🧩 Закрываем Kafka sync producer..."}
{"level":"INFO","timestamp":"2026-04-27T00:43:16.935+0500","caller":"closer/closer.go:171","message":"🧩 Закрываем Kafka consumer group..."}
{"level":"INFO","timestamp":"2026-04-27T00:43:16.935+0500","caller":"closer/closer.go:171","message":"✅ Kafka sync producer успешно закрыт за 82.04µs"}
{"level":"ERROR","timestamp":"2026-04-27T00:43:16.977+0500","caller":"order_consumer/consumer.go:35","message":"Failed to start order consumer service","error":"context canceled"}
{"level":"INFO","timestamp":"2026-04-27T00:43:16.978+0500","caller":"closer/closer.go:171","message":"✅ Kafka consumer group успешно закрыт за 43.494119ms"}
{"level":"INFO","timestamp":"2026-04-27T00:43:16.978+0500","caller":"sync/once.go:78","message":"✅ Все ресурсы успешно закрыты"}
{"level":"INFO","timestamp":"2026-04-27T00:43:17.656+0500","caller":"sarama@v1.48.0/consumer_group.go:969","message":"Kafka session context done"}
{"level":"INFO","timestamp":"2026-04-27T00:43:18.158+0500","caller":"order_consumer/consumer.go:33","message":"Kafka consumer group rebalancing..."}
{"level":"INFO","timestamp":"2026-04-27T00:43:18.166+0500","caller":"sarama@v1.48.0/consumer_group.go:869","message":"New session","member_id":"sarama-d095f3c9-5e79-4046-8a30-0131f1ccbf4c","claims":{"order.paid":[0,1]}}
{"level":"INFO","timestamp":"2026-04-27T00:44:27.107+0500","caller":"runtime/asm_amd64.s:1693","message":"🛑 Получен системный сигнал, начинаем graceful shutdown..."}
{"level":"INFO","timestamp":"2026-04-27T00:44:27.107+0500","caller":"sync/once.go:78","message":"🚦 Начинаем процесс graceful shutdown..."}
{"level":"INFO","timestamp":"2026-04-27T00:44:27.107+0500","caller":"sarama@v1.48.0/consumer_group.go:969","message":"Kafka session context done"}
{"level":"INFO","timestamp":"2026-04-27T00:44:27.107+0500","caller":"closer/closer.go:171","message":"🧩 Закрываем Kafka sync producer..."}
{"level":"INFO","timestamp":"2026-04-27T00:44:27.107+0500","caller":"closer/closer.go:171","message":"🧩 Закрываем Kafka consumer group..."}
{"level":"INFO","timestamp":"2026-04-27T00:44:27.107+0500","caller":"sarama@v1.48.0/consumer_group.go:969","message":"Kafka session context done"}
{"level":"INFO","timestamp":"2026-04-27T00:44:27.107+0500","caller":"app/app.go:34","message":"Shutdown signal received"}
{"level":"INFO","timestamp":"2026-04-27T00:44:27.107+0500","caller":"closer/closer.go:171","message":"✅ Kafka sync producer успешно закрыт за 134.409µs"}
{"level":"ERROR","timestamp":"2026-04-27T00:44:27.591+0500","caller":"order_consumer/consumer.go:35","message":"Failed to start order consumer service","error":"context canceled"}
{"level":"INFO","timestamp":"2026-04-27T00:44:27.594+0500","caller":"closer/closer.go:171","message":"✅ Kafka consumer group успешно закрыт за 487.000665ms"}
{"level":"INFO","timestamp":"2026-04-27T00:44:27.594+0500","caller":"sync/once.go:78","message":"✅ Все ресурсы успешно закрыты"}
{"level":"INFO","timestamp":"2026-04-27T00:44:55.263+0500","caller":"payment/payment.go:15","message":"payment succeeded","transaction_uuid":"1d964dbf-ebec-49bc-bee7-9fd604ae97de","order_uuid":"c2376ab6-d3d4-43b9-9b6d-a44fe1c072f2","user_uuid":"c2376ab6-d3d4-43b9-9b6d-a44fe1c072f2","payment_method":4}
{"level":"INFO","timestamp":"2026-04-27T00:44:55.270+0500","caller":"order_producer/producer.go:28","message":"Message sent","topic":"order.paid","partition":0,"offset":3,"key":"c2376ab6-d3d4-43b9-9b6d-a44fe1c072f2","value":"\n$782f027c-0bda-454a-8dec-354b00b876e0\u0012$c2376ab6-d3d4-43b9-9b6d-a44fe1c072f2\u001a$c2376ab6-d3d4-43b9-9b6d-a44fe1c072f2\"\u000einvestor-money*$1d964dbf-ebec-49bc-bee7-9fd604ae97de"}
{"level":"INFO","timestamp":"2026-04-27T00:44:59.142+0500","caller":"payment/payment.go:15","message":"payment succeeded","transaction_uuid":"c7fde7b5-feac-432a-ad7e-25807e246a69","order_uuid":"27f223be-f0c8-44fe-bc9b-976884c8cfee","user_uuid":"27f223be-f0c8-44fe-bc9b-976884c8cfee","payment_method":4}
{"level":"INFO","timestamp":"2026-04-27T00:44:59.148+0500","caller":"order_producer/producer.go:28","message":"Message sent","topic":"order.paid","partition":0,"offset":4,"key":"27f223be-f0c8-44fe-bc9b-976884c8cfee","value":"\n$fc1cfdb4-f35d-4a4d-958c-e4f7c8201fff\u0012$27f223be-f0c8-44fe-bc9b-976884c8cfee\u001a$27f223be-f0c8-44fe-bc9b-976884c8cfee\"\u000einvestor-money*$c7fde7b5-feac-432a-ad7e-25807e246a69"}
{"level":"INFO","timestamp":"2026-04-27T00:45:02.808+0500","caller":"payment/payment.go:15","message":"payment succeeded","transaction_uuid":"03d28df9-eada-4fdc-aef6-5cab477c9263","order_uuid":"d6a3bc05-8da5-4aab-b82d-71c58fff9a2a","user_uuid":"d6a3bc05-8da5-4aab-b82d-71c58fff9a2a","payment_method":4}
{"level":"INFO","timestamp":"2026-04-27T00:45:02.815+0500","caller":"order_producer/producer.go:28","message":"Message sent","topic":"order.paid","partition":0,"offset":5,"key":"d6a3bc05-8da5-4aab-b82d-71c58fff9a2a","value":"\n$c9009b84-67ad-44a9-84ef-2a77521fa348\u0012$d6a3bc05-8da5-4aab-b82d-71c58fff9a2a\u001a$d6a3bc05-8da5-4aab-b82d-71c58fff9a2a\"\u000einvestor-money*$03d28df9-eada-4fdc-aef6-5cab477c9263"}
{"level":"INFO","timestamp":"2026-04-27T00:47:37.965+0500","caller":"app/app.go:90","message":"🚀 Order Kafka consumer running"}
{"level":"INFO","timestamp":"2026-04-27T00:47:37.974+0500","caller":"order_consumer/consumer.go:31","message":"Starting order consumer service"}
{"level":"INFO","timestamp":"2026-04-27T00:47:38.634+0500","caller":"sarama@v1.48.0/consumer_group.go:869","message":"New session","member_id":"sarama-0003404f-332c-486a-9132-0dfaa8e6a032","claims":{"order.paid":[0]}}
{"level":"INFO","timestamp":"2026-04-27T00:47:42.253+0500","caller":"sarama@v1.48.0/consumer_group.go:969","message":"Kafka session context done"}
{"level":"INFO","timestamp":"2026-04-27T00:47:42.755+0500","caller":"order_consumer/consumer.go:33","message":"Kafka consumer group rebalancing..."}
{"level":"INFO","timestamp":"2026-04-27T00:47:42.763+0500","caller":"sarama@v1.48.0/consumer_group.go:869","message":"New session","member_id":"sarama-0003404f-332c-486a-9132-0dfaa8e6a032","claims":{"order.paid":[0,1]}}
{"level":"INFO","timestamp":"2026-04-27T00:47:58.628+0500","caller":"app/app.go:90","message":"🚀 Order Kafka consumer running"}
{"level":"INFO","timestamp":"2026-04-27T00:47:58.636+0500","caller":"order_consumer/consumer.go:31","message":"Starting order consumer service"}
{"level":"INFO","timestamp":"2026-04-27T00:48:00.945+0500","caller":"sarama@v1.48.0/consumer_group.go:969","message":"Kafka session context done"}
{"level":"INFO","timestamp":"2026-04-27T00:48:00.945+0500","caller":"sarama@v1.48.0/consumer_group.go:969","message":"Kafka session context done"}
{"level":"INFO","timestamp":"2026-04-27T00:48:01.447+0500","caller":"order_consumer/consumer.go:33","message":"Kafka consumer group rebalancing..."}
{"level":"INFO","timestamp":"2026-04-27T00:48:01.453+0500","caller":"sarama@v1.48.0/consumer_group.go:869","message":"New session","member_id":"sarama-0003404f-332c-486a-9132-0dfaa8e6a032","claims":{"order.paid":[0]}}
{"level":"INFO","timestamp":"2026-04-27T00:48:01.453+0500","caller":"sarama@v1.48.0/consumer_group.go:869","message":"New session","member_id":"sarama-42ae966e-8c97-425c-be50-48e9f9ce269f","claims":{"order.paid":[1]}}
{"level":"INFO","timestamp":"2026-04-27T00:51:13.292+0500","caller":"payment/payment.go:15","message":"payment succeeded","transaction_uuid":"eb8f0bd5-af52-4f1d-b0c6-9591c610fbb6","order_uuid":"d6a3bc05-8da5-4aab-b82d-71c58fff9a2a","user_uuid":"d6a3bc05-8da5-4aab-b82d-71c58fff9a2a","payment_method":4}
{"level":"INFO","timestamp":"2026-04-27T00:51:13.298+0500","caller":"order_producer/producer.go:28","message":"Message sent","topic":"order.paid","partition":0,"offset":6,"key":"d6a3bc05-8da5-4aab-b82d-71c58fff9a2a","value":"\n$0923867d-186f-4d67-977a-39e2f4ef8f04\u0012$d6a3bc05-8da5-4aab-b82d-71c58fff9a2a\u001a$d6a3bc05-8da5-4aab-b82d-71c58fff9a2a\"\u000einvestor-money*$eb8f0bd5-af52-4f1d-b0c6-9591c610fbb6"}
{"level":"INFO","timestamp":"2026-04-27T00:51:13.299+0500","caller":"sarama@v1.48.0/consumer_group.go:969","message":"message received","member_id":"sarama-0003404f-332c-486a-9132-0dfaa8e6a032","key":"d6a3bc05-8da5-4aab-b82d-71c58fff9a2a","partition":0,"offset":6}
{"level":"INFO","timestamp":"2026-04-27T00:51:13.299+0500","caller":"consumer/groupHandler.go:66","message":"Kafka msg received","topic":"order.paid"}
{"level":"INFO","timestamp":"2026-04-27T00:51:13.300+0500","caller":"order_consumer/handler.go:21","message":"Processing message","topic":"order.paid","partition":0,"offset":6,"order_uuid":"d6a3bc05-8da5-4aab-b82d-71c58fff9a2a","event_uuid":"0923867d-186f-4d67-977a-39e2f4ef8f04","payment_method":"investor-money","transaction_uuid":"eb8f0bd5-af52-4f1d-b0c6-9591c610fbb6"}
{"level":"INFO","timestamp":"2026-04-27T00:51:16.428+0500","caller":"payment/payment.go:15","message":"payment succeeded","transaction_uuid":"86914e5f-04bd-42dc-a726-c4bd69c81139","order_uuid":"27f223be-f0c8-44fe-bc9b-976884c8cfee","user_uuid":"27f223be-f0c8-44fe-bc9b-976884c8cfee","payment_method":4}
{"level":"INFO","timestamp":"2026-04-27T00:51:16.433+0500","caller":"order_producer/producer.go:28","message":"Message sent","topic":"order.paid","partition":0,"offset":7,"key":"27f223be-f0c8-44fe-bc9b-976884c8cfee","value":"\n$bc9dcdd6-eab5-4a1b-baa0-33d3cfe7aacf\u0012$27f223be-f0c8-44fe-bc9b-976884c8cfee\u001a$27f223be-f0c8-44fe-bc9b-976884c8cfee\"\u000einvestor-money*$86914e5f-04bd-42dc-a726-c4bd69c81139"}
{"level":"INFO","timestamp":"2026-04-27T00:51:22.305+0500","caller":"order_producer/producer.go:27","message":"Message sent","topic":"order.assembled","partition":0,"offset":12,"key":"0923867d-186f-4d67-977a-39e2f4ef8f04","value":"\n$0923867d-186f-4d67-977a-39e2f4ef8f04\u0012$d6a3bc05-8da5-4aab-b82d-71c58fff9a2a\u001a$d6a3bc05-8da5-4aab-b82d-71c58fff9a2a \t"}
{"level":"INFO","timestamp":"2026-04-27T00:51:22.306+0500","caller":"sarama@v1.48.0/consumer_group.go:969","message":"message received","member_id":"sarama-0003404f-332c-486a-9132-0dfaa8e6a032","key":"27f223be-f0c8-44fe-bc9b-976884c8cfee","partition":0,"offset":7}
{"level":"INFO","timestamp":"2026-04-27T00:51:22.306+0500","caller":"consumer/groupHandler.go:66","message":"Kafka msg received","topic":"order.paid"}
{"level":"INFO","timestamp":"2026-04-27T00:51:22.306+0500","caller":"order_consumer/handler.go:21","message":"Processing message","topic":"order.paid","partition":0,"offset":7,"order_uuid":"27f223be-f0c8-44fe-bc9b-976884c8cfee","event_uuid":"bc9dcdd6-eab5-4a1b-baa0-33d3cfe7aacf","payment_method":"investor-money","transaction_uuid":"86914e5f-04bd-42dc-a726-c4bd69c81139"}
{"level":"INFO","timestamp":"2026-04-27T00:51:23.311+0500","caller":"order_producer/producer.go:27","message":"Message sent","topic":"order.assembled","partition":0,"offset":13,"key":"bc9dcdd6-eab5-4a1b-baa0-33d3cfe7aacf","value":"\n$bc9dcdd6-eab5-4a1b-baa0-33d3cfe7aacf\u0012$27f223be-f0c8-44fe-bc9b-976884c8cfee\u001a$27f223be-f0c8-44fe-bc9b-976884c8cfee \u0001"}
{"level":"INFO","timestamp":"2026-04-27T00:51:24.654+0500","caller":"payment/payment.go:15","message":"payment succeeded","transaction_uuid":"11323663-32f1-43da-8d19-68d4720e04fe","order_uuid":"c2376ab6-d3d4-43b9-9b6d-a44fe1c072f2","user_uuid":"c2376ab6-d3d4-43b9-9b6d-a44fe1c072f2","payment_method":4}
{"level":"INFO","timestamp":"2026-04-27T00:51:24.668+0500","caller":"order_producer/producer.go:28","message":"Message sent","topic":"order.paid","partition":0,"offset":8,"key":"c2376ab6-d3d4-43b9-9b6d-a44fe1c072f2","value":"\n$80792803-2c9d-4d18-82ef-de880f5b4737\u0012$c2376ab6-d3d4-43b9-9b6d-a44fe1c072f2\u001a$c2376ab6-d3d4-43b9-9b6d-a44fe1c072f2\"\u000einvestor-money*$11323663-32f1-43da-8d19-68d4720e04fe"}
{"level":"INFO","timestamp":"2026-04-27T00:51:24.669+0500","caller":"sarama@v1.48.0/consumer_group.go:969","message":"message received","member_id":"sarama-0003404f-332c-486a-9132-0dfaa8e6a032","key":"c2376ab6-d3d4-43b9-9b6d-a44fe1c072f2","partition":0,"offset":8}
{"level":"INFO","timestamp":"2026-04-27T00:51:24.669+0500","caller":"consumer/groupHandler.go:66","message":"Kafka msg received","topic":"order.paid"}
{"level":"INFO","timestamp":"2026-04-27T00:51:24.669+0500","caller":"order_consumer/handler.go:21","message":"Processing message","topic":"order.paid","partition":0,"offset":8,"order_uuid":"c2376ab6-d3d4-43b9-9b6d-a44fe1c072f2","event_uuid":"80792803-2c9d-4d18-82ef-de880f5b4737","payment_method":"investor-money","transaction_uuid":"11323663-32f1-43da-8d19-68d4720e04fe"}
{"level":"INFO","timestamp":"2026-04-27T00:51:26.672+0500","caller":"order_producer/producer.go:27","message":"Message sent","topic":"order.assembled","partition":0,"offset":14,"key":"80792803-2c9d-4d18-82ef-de880f5b4737","value":"\n$80792803-2c9d-4d18-82ef-de880f5b4737\u0012$c2376ab6-d3d4-43b9-9b6d-a44fe1c072f2\u001a$c2376ab6-d3d4-43b9-9b6d-a44fe1c072f2 \u0002"}
{"level":"INFO","timestamp":"2026-04-27T00:53:09.220+0500","caller":"app/app.go:34","message":"Shutdown signal received"}
{"level":"INFO","timestamp":"2026-04-27T00:53:09.220+0500","caller":"sarama@v1.48.0/consumer_group.go:969","message":"Kafka session context done"}
{"level":"INFO","timestamp":"2026-04-27T00:53:09.220+0500","caller":"sync/once.go:78","message":"🚦 Начинаем процесс graceful shutdown..."}
{"level":"INFO","timestamp":"2026-04-27T00:53:09.220+0500","caller":"runtime/asm_amd64.s:1693","message":"🛑 Получен системный сигнал, начинаем graceful shutdown..."}
{"level":"INFO","timestamp":"2026-04-27T00:53:09.220+0500","caller":"closer/closer.go:171","message":"🧩 Закрываем Kafka sync producer..."}
{"level":"INFO","timestamp":"2026-04-27T00:53:09.220+0500","caller":"closer/closer.go:171","message":"🧩 Закрываем Kafka consumer group..."}
{"level":"INFO","timestamp":"2026-04-27T00:53:09.220+0500","caller":"closer/closer.go:171","message":"✅ Kafka sync producer успешно закрыт за 181.99µs"}
{"level":"ERROR","timestamp":"2026-04-27T00:53:09.290+0500","caller":"order_consumer/consumer.go:35","message":"Failed to start order consumer service","error":"context canceled"}
{"level":"INFO","timestamp":"2026-04-27T00:53:09.295+0500","caller":"closer/closer.go:171","message":"✅ Kafka consumer group успешно закрыт за 73.661337ms"}
{"level":"INFO","timestamp":"2026-04-27T00:53:09.297+0500","caller":"sync/once.go:78","message":"✅ Все ресурсы успешно закрыты"}
{"level":"INFO","timestamp":"2026-04-27T00:53:10.282+0500","caller":"app/app.go:90","message":"🚀 Order Kafka consumer running"}
{"level":"INFO","timestamp":"2026-04-27T00:53:10.297+0500","caller":"order_consumer/consumer.go:31","message":"Starting order consumer service"}
{"level":"INFO","timestamp":"2026-04-27T00:53:11.444+0500","caller":"sarama@v1.48.0/consumer_group.go:969","message":"Kafka session context done"}
{"level":"INFO","timestamp":"2026-04-27T00:53:11.947+0500","caller":"order_consumer/consumer.go:33","message":"Kafka consumer group rebalancing..."}
{"level":"INFO","timestamp":"2026-04-27T00:53:11.965+0500","caller":"sarama@v1.48.0/consumer_group.go:869","message":"New session","member_id":"sarama-0cc68714-66f3-4ce7-9815-d59a1678128c","claims":{"order.paid":[0]}}
{"level":"INFO","timestamp":"2026-04-27T00:53:11.965+0500","caller":"sarama@v1.48.0/consumer_group.go:869","message":"New session","member_id":"sarama-42ae966e-8c97-425c-be50-48e9f9ce269f","claims":{"order.paid":[1]}}
{"level":"INFO","timestamp":"2026-04-27T00:53:12.130+0500","caller":"runtime/asm_amd64.s:1693","message":"🛑 Получен системный сигнал, начинаем graceful shutdown..."}
{"level":"INFO","timestamp":"2026-04-27T00:53:12.130+0500","caller":"sync/once.go:78","message":"🚦 Начинаем процесс graceful shutdown..."}
{"level":"INFO","timestamp":"2026-04-27T00:53:12.130+0500","caller":"sarama@v1.48.0/consumer_group.go:969","message":"Kafka session context done"}
{"level":"INFO","timestamp":"2026-04-27T00:53:12.130+0500","caller":"app/app.go:34","message":"Shutdown signal received"}
{"level":"INFO","timestamp":"2026-04-27T00:53:12.130+0500","caller":"closer/closer.go:171","message":"🧩 Закрываем Kafka consumer group..."}
{"level":"INFO","timestamp":"2026-04-27T00:53:12.130+0500","caller":"closer/closer.go:171","message":"🧩 Закрываем Kafka sync producer..."}
{"level":"INFO","timestamp":"2026-04-27T00:53:12.131+0500","caller":"closer/closer.go:171","message":"✅ Kafka sync producer успешно закрыт за 182.414µs"}
{"level":"ERROR","timestamp":"2026-04-27T00:53:12.570+0500","caller":"order_consumer/consumer.go:35","message":"Failed to start order consumer service","error":"context canceled"}
{"level":"INFO","timestamp":"2026-04-27T00:53:12.572+0500","caller":"closer/closer.go:171","message":"✅ Kafka consumer group успешно закрыт за 441.351011ms"}
{"level":"INFO","timestamp":"2026-04-27T00:53:12.572+0500","caller":"sync/once.go:78","message":"✅ Все ресурсы успешно закрыты"}
{"level":"INFO","timestamp":"2026-04-27T00:53:13.546+0500","caller":"app/app.go:90","message":"🚀 Order Kafka consumer running"}
{"level":"INFO","timestamp":"2026-04-27T00:53:13.554+0500","caller":"order_consumer/consumer.go:31","message":"Starting order consumer service"}
{"level":"INFO","timestamp":"2026-04-27T00:53:15.583+0500","caller":"sarama@v1.48.0/consumer_group.go:969","message":"Kafka session context done"}
{"level":"INFO","timestamp":"2026-04-27T00:53:16.084+0500","caller":"order_consumer/consumer.go:33","message":"Kafka consumer group rebalancing..."}
{"level":"INFO","timestamp":"2026-04-27T00:53:16.092+0500","caller":"sarama@v1.48.0/consumer_group.go:869","message":"New session","member_id":"sarama-50285f73-940a-420f-8094-2656dc1e54e3","claims":{"order.paid":[1]}}
{"level":"INFO","timestamp":"2026-04-27T00:53:16.095+0500","caller":"sarama@v1.48.0/consumer_group.go:869","message":"New session","member_id":"sarama-0cc68714-66f3-4ce7-9815-d59a1678128c","claims":{"order.paid":[0]}}
{"level":"INFO","timestamp":"2026-04-27T00:53:34.071+0500","caller":"payment/payment.go:15","message":"payment succeeded","transaction_uuid":"78db9e28-ddfb-4ae2-aacd-1b19be0be0bb","order_uuid":"c2376ab6-d3d4-43b9-9b6d-a44fe1c072f2","user_uuid":"c2376ab6-d3d4-43b9-9b6d-a44fe1c072f2","payment_method":4}
{"level":"INFO","timestamp":"2026-04-27T00:53:34.087+0500","caller":"order_producer/producer.go:28","message":"Message sent","topic":"order.paid","partition":0,"offset":9,"key":"c2376ab6-d3d4-43b9-9b6d-a44fe1c072f2","value":"\n$51bdf245-2bf3-489f-8a09-6814e90b9d2e\u0012$c2376ab6-d3d4-43b9-9b6d-a44fe1c072f2\u001a$c2376ab6-d3d4-43b9-9b6d-a44fe1c072f2\"\u000einvestor-money*$78db9e28-ddfb-4ae2-aacd-1b19be0be0bb"}
{"level":"INFO","timestamp":"2026-04-27T00:53:34.088+0500","caller":"sarama@v1.48.0/consumer_group.go:969","message":"message received","member_id":"sarama-0cc68714-66f3-4ce7-9815-d59a1678128c","key":"c2376ab6-d3d4-43b9-9b6d-a44fe1c072f2","partition":0,"offset":9}
{"level":"INFO","timestamp":"2026-04-27T00:53:34.089+0500","caller":"consumer/groupHandler.go:66","message":"Kafka msg received","topic":"order.paid"}
{"level":"INFO","timestamp":"2026-04-27T00:53:34.089+0500","caller":"order_consumer/handler.go:21","message":"Processing message","topic":"order.paid","partition":0,"offset":9,"order_uuid":"c2376ab6-d3d4-43b9-9b6d-a44fe1c072f2","event_uuid":"51bdf245-2bf3-489f-8a09-6814e90b9d2e","payment_method":"investor-money","transaction_uuid":"78db9e28-ddfb-4ae2-aacd-1b19be0be0bb"}
{"level":"INFO","timestamp":"2026-04-27T00:53:36.097+0500","caller":"order_producer/producer.go:27","message":"Message sent","topic":"order.assembled","partition":0,"offset":15,"key":"51bdf245-2bf3-489f-8a09-6814e90b9d2e","value":"\n$51bdf245-2bf3-489f-8a09-6814e90b9d2e\u0012$c2376ab6-d3d4-43b9-9b6d-a44fe1c072f2\u001a$c2376ab6-d3d4-43b9-9b6d-a44fe1c072f2 \u0002"}
{"level":"INFO","timestamp":"2026-04-27T00:53:37.650+0500","caller":"payment/payment.go:15","message":"payment succeeded","transaction_uuid":"2115cabc-9a0b-40c8-8e28-9814e8472995","order_uuid":"27f223be-f0c8-44fe-bc9b-976884c8cfee","user_uuid":"27f223be-f0c8-44fe-bc9b-976884c8cfee","payment_method":4}
{"level":"INFO","timestamp":"2026-04-27T00:53:37.655+0500","caller":"order_producer/producer.go:28","message":"Message sent","topic":"order.paid","partition":0,"offset":10,"key":"27f223be-f0c8-44fe-bc9b-976884c8cfee","value":"\n$c689291c-592b-41a4-b227-10082a4b2d31\u0012$27f223be-f0c8-44fe-bc9b-976884c8cfee\u001a$27f223be-f0c8-44fe-bc9b-976884c8cfee\"\u000einvestor-money*$2115cabc-9a0b-40c8-8e28-9814e8472995"}
{"level":"INFO","timestamp":"2026-04-27T00:53:37.656+0500","caller":"sarama@v1.48.0/consumer_group.go:969","message":"message received","member_id":"sarama-0cc68714-66f3-4ce7-9815-d59a1678128c","key":"27f223be-f0c8-44fe-bc9b-976884c8cfee","partition":0,"offset":10}
{"level":"INFO","timestamp":"2026-04-27T00:53:37.656+0500","caller":"consumer/groupHandler.go:66","message":"Kafka msg received","topic":"order.paid"}
{"level":"INFO","timestamp":"2026-04-27T00:53:37.656+0500","caller":"order_consumer/handler.go:21","message":"Processing message","topic":"order.paid","partition":0,"offset":10,"order_uuid":"27f223be-f0c8-44fe-bc9b-976884c8cfee","event_uuid":"c689291c-592b-41a4-b227-10082a4b2d31","payment_method":"investor-money","transaction_uuid":"2115cabc-9a0b-40c8-8e28-9814e8472995"}
{"level":"INFO","timestamp":"2026-04-27T00:53:41.102+0500","caller":"payment/payment.go:15","message":"payment succeeded","transaction_uuid":"4673084a-1970-4965-91a8-285e472a80c9","order_uuid":"d6a3bc05-8da5-4aab-b82d-71c58fff9a2a","user_uuid":"d6a3bc05-8da5-4aab-b82d-71c58fff9a2a","payment_method":4}
{"level":"INFO","timestamp":"2026-04-27T00:53:41.107+0500","caller":"order_producer/producer.go:28","message":"Message sent","topic":"order.paid","partition":0,"offset":11,"key":"d6a3bc05-8da5-4aab-b82d-71c58fff9a2a","value":"\n$987f9d04-8599-446a-95ba-cc621cbe13db\u0012$d6a3bc05-8da5-4aab-b82d-71c58fff9a2a\u001a$d6a3bc05-8da5-4aab-b82d-71c58fff9a2a\"\u000einvestor-money*$4673084a-1970-4965-91a8-285e472a80c9"}
{"level":"INFO","timestamp":"2026-04-27T00:53:42.659+0500","caller":"order_producer/producer.go:27","message":"Message sent","topic":"order.assembled","partition":0,"offset":16,"key":"c689291c-592b-41a4-b227-10082a4b2d31","value":"\n$c689291c-592b-41a4-b227-10082a4b2d31\u0012$27f223be-f0c8-44fe-bc9b-976884c8cfee\u001a$27f223be-f0c8-44fe-bc9b-976884c8cfee \u0005"}
{"level":"INFO","timestamp":"2026-04-27T00:53:42.659+0500","caller":"sarama@v1.48.0/consumer_group.go:969","message":"message received","member_id":"sarama-0cc68714-66f3-4ce7-9815-d59a1678128c","key":"d6a3bc05-8da5-4aab-b82d-71c58fff9a2a","partition":0,"offset":11}
{"level":"INFO","timestamp":"2026-04-27T00:53:42.659+0500","caller":"consumer/groupHandler.go:66","message":"Kafka msg received","topic":"order.paid"}
{"level":"INFO","timestamp":"2026-04-27T00:53:42.659+0500","caller":"order_consumer/handler.go:21","message":"Processing message","topic":"order.paid","partition":0,"offset":11,"order_uuid":"d6a3bc05-8da5-4aab-b82d-71c58fff9a2a","event_uuid":"987f9d04-8599-446a-95ba-cc621cbe13db","payment_method":"investor-money","transaction_uuid":"4673084a-1970-4965-91a8-285e472a80c9"}
{"level":"INFO","timestamp":"2026-04-27T00:53:49.662+0500","caller":"order_producer/producer.go:27","message":"Message sent","topic":"order.assembled","partition":0,"offset":17,"key":"987f9d04-8599-446a-95ba-cc621cbe13db","value":"\n$987f9d04-8599-446a-95ba-cc621cbe13db\u0012$d6a3bc05-8da5-4aab-b82d-71c58fff9a2a\u001a$d6a3bc05-8da5-4aab-b82d-71c58fff9a2a \u0007"}
{"level":"INFO","timestamp":"2026-04-27T00:55:13.093+0500","caller":"sarama@v1.48.0/consumer_group.go:969","message":"Kafka session context done"}
{"level":"INFO","timestamp":"2026-04-27T00:55:13.093+0500","caller":"order_consumer/consumer.go:33","message":"Kafka consumer group rebalancing..."}
{"level":"INFO","timestamp":"2026-04-27T00:55:13.102+0500","caller":"sarama@v1.48.0/consumer_group.go:869","message":"New session","member_id":"sarama-50285f73-940a-420f-8094-2656dc1e54e3","claims":{"order.paid":[0]}}
{"level":"INFO","timestamp":"2026-04-27T00:55:36.058+0500","caller":"sarama@v1.48.0/consumer_group.go:969","message":"Kafka session context done"}
{"level":"INFO","timestamp":"2026-04-27T00:55:36.058+0500","caller":"app/app.go:34","message":"Shutdown signal received"}
{"level":"INFO","timestamp":"2026-04-27T00:55:36.058+0500","caller":"runtime/asm_amd64.s:1693","message":"🛑 Получен системный сигнал, начинаем graceful shutdown..."}
{"level":"INFO","timestamp":"2026-04-27T00:55:36.058+0500","caller":"sync/once.go:78","message":"🚦 Начинаем процесс graceful shutdown..."}
{"level":"INFO","timestamp":"2026-04-27T00:55:36.059+0500","caller":"closer/closer.go:171","message":"🧩 Закрываем Kafka sync producer..."}
{"level":"INFO","timestamp":"2026-04-27T00:55:36.059+0500","caller":"closer/closer.go:171","message":"🧩 Закрываем Kafka consumer group..."}
{"level":"INFO","timestamp":"2026-04-27T00:55:36.059+0500","caller":"closer/closer.go:171","message":"✅ Kafka sync producer успешно закрыт за 268.821µs"}
{"level":"ERROR","timestamp":"2026-04-27T00:55:36.314+0500","caller":"order_consumer/consumer.go:35","message":"Failed to start order consumer service","error":"context canceled"}
{"level":"INFO","timestamp":"2026-04-27T00:55:36.318+0500","caller":"closer/closer.go:171","message":"✅ Kafka consumer group успешно закрыт за 259.743888ms"}
{"level":"INFO","timestamp":"2026-04-27T00:55:36.318+0500","caller":"sync/once.go:78","message":"✅ Все ресурсы успешно закрыты"}
{"level":"INFO","timestamp":"2026-04-27T00:55:42.882+0500","caller":"app/app.go:90","message":"🚀 Order Kafka consumer running"}
{"level":"INFO","timestamp":"2026-04-27T00:55:42.889+0500","caller":"order_consumer/consumer.go:31","message":"Starting order consumer service"}
{"level":"INFO","timestamp":"2026-04-27T00:55:42.900+0500","caller":"sarama@v1.48.0/consumer_group.go:869","message":"New session","member_id":"sarama-8336ddd1-ad09-4a33-a3fb-e025a2013cff","claims":{"order.paid":[0]}}
{"level":"INFO","timestamp":"2026-04-27T00:55:45.641+0500","caller":"app/app.go:90","message":"🚀 Order Kafka consumer running"}
{"level":"INFO","timestamp":"2026-04-27T00:55:45.657+0500","caller":"order_consumer/consumer.go:31","message":"Starting order consumer service"}
{"level":"INFO","timestamp":"2026-04-27T00:55:46.518+0500","caller":"sarama@v1.48.0/consumer_group.go:969","message":"Kafka session context done"}
{"level":"INFO","timestamp":"2026-04-27T00:55:47.020+0500","caller":"order_consumer/consumer.go:33","message":"Kafka consumer group rebalancing..."}
{"level":"INFO","timestamp":"2026-04-27T00:55:47.026+0500","caller":"sarama@v1.48.0/consumer_group.go:869","message":"New session","member_id":"sarama-e9fcefda-cf5c-45ef-8464-cb5a5ee39a77","claims":{}}
{"level":"INFO","timestamp":"2026-04-27T00:55:47.028+0500","caller":"sarama@v1.48.0/consumer_group.go:869","message":"New session","member_id":"sarama-8336ddd1-ad09-4a33-a3fb-e025a2013cff","claims":{"order.paid":[0]}}
{"level":"INFO","timestamp":"2026-04-27T00:55:57.913+0500","caller":"app/app.go:34","message":"Shutdown signal received"}
{"level":"INFO","timestamp":"2026-04-27T00:55:57.913+0500","caller":"sync/once.go:78","message":"🚦 Начинаем процесс graceful shutdown..."}
{"level":"ERROR","timestamp":"2026-04-27T00:55:57.913+0500","caller":"order_consumer/consumer.go:35","message":"Failed to start order consumer service","error":"context canceled"}
{"level":"INFO","timestamp":"2026-04-27T00:55:57.913+0500","caller":"runtime/asm_amd64.s:1693","message":"🛑 Получен системный сигнал, начинаем graceful shutdown..."}
{"level":"INFO","timestamp":"2026-04-27T00:55:57.913+0500","caller":"closer/closer.go:171","message":"🧩 Закрываем Kafka sync producer..."}
{"level":"INFO","timestamp":"2026-04-27T00:55:57.914+0500","caller":"closer/closer.go:171","message":"🧩 Закрываем Kafka consumer group..."}
{"level":"INFO","timestamp":"2026-04-27T00:55:57.914+0500","caller":"closer/closer.go:171","message":"✅ Kafka sync producer успешно закрыт за 262.093µs"}
{"level":"INFO","timestamp":"2026-04-27T00:55:57.915+0500","caller":"closer/closer.go:171","message":"✅ Kafka consumer group успешно закрыт за 1.56369ms"}
{"level":"INFO","timestamp":"2026-04-27T00:55:57.915+0500","caller":"sync/once.go:78","message":"✅ Все ресурсы успешно закрыты"}
{"level":"INFO","timestamp":"2026-04-27T00:55:59.693+0500","caller":"sarama@v1.48.0/consumer_group.go:969","message":"Kafka session context done"}
{"level":"INFO","timestamp":"2026-04-27T00:56:00.194+0500","caller":"order_consumer/consumer.go:33","message":"Kafka consumer group rebalancing..."}
{"level":"INFO","timestamp":"2026-04-27T00:56:00.202+0500","caller":"sarama@v1.48.0/consumer_group.go:869","message":"New session","member_id":"sarama-8336ddd1-ad09-4a33-a3fb-e025a2013cff","claims":{"order.paid":[0]}}
{"level":"INFO","timestamp":"2026-04-27T00:56:01.511+0500","caller":"app/app.go:34","message":"Shutdown signal received"}
{"level":"INFO","timestamp":"2026-04-27T00:56:01.511+0500","caller":"sync/once.go:78","message":"🚦 Начинаем процесс graceful shutdown..."}
{"level":"INFO","timestamp":"2026-04-27T00:56:01.511+0500","caller":"runtime/asm_amd64.s:1693","message":"🛑 Получен системный сигнал, начинаем graceful shutdown..."}
{"level":"INFO","timestamp":"2026-04-27T00:56:01.511+0500","caller":"sarama@v1.48.0/consumer_group.go:969","message":"Kafka session context done"}
{"level":"INFO","timestamp":"2026-04-27T00:56:01.511+0500","caller":"closer/closer.go:171","message":"🧩 Закрываем Kafka sync producer..."}
{"level":"INFO","timestamp":"2026-04-27T00:56:01.511+0500","caller":"closer/closer.go:171","message":"🧩 Закрываем Kafka consumer group..."}
{"level":"INFO","timestamp":"2026-04-27T00:56:01.512+0500","caller":"closer/closer.go:171","message":"✅ Kafka sync producer успешно закрыт за 134.278µs"}
{"level":"ERROR","timestamp":"2026-04-27T00:56:01.813+0500","caller":"order_consumer/consumer.go:35","message":"Failed to start order consumer service","error":"context canceled"}
{"level":"INFO","timestamp":"2026-04-27T00:56:01.816+0500","caller":"closer/closer.go:171","message":"✅ Kafka consumer group успешно закрыт за 305.005559ms"}
{"level":"INFO","timestamp":"2026-04-27T00:56:01.816+0500","caller":"sync/once.go:78","message":"✅ Все ресурсы успешно закрыты"}
{"level":"INFO","timestamp":"2026-04-27T00:56:51.089+0500","caller":"app/app.go:90","message":"🚀 Order Kafka consumer running"}
{"level":"INFO","timestamp":"2026-04-27T00:56:51.104+0500","caller":"order_consumer/consumer.go:31","message":"Starting order consumer service"}
{"level":"INFO","timestamp":"2026-04-27T00:56:51.115+0500","caller":"sarama@v1.48.0/consumer_group.go:869","message":"New session","member_id":"sarama-561d87b5-7041-4a86-9ee5-0172745f9e02","claims":{"order.paid":[0,1]}}
{"level":"INFO","timestamp":"2026-04-27T00:56:55.006+0500","caller":"app/app.go:90","message":"🚀 Order Kafka consumer running"}
{"level":"INFO","timestamp":"2026-04-27T00:56:55.013+0500","caller":"order_consumer/consumer.go:31","message":"Starting order consumer service"}
{"level":"INFO","timestamp":"2026-04-27T00:56:57.258+0500","caller":"sarama@v1.48.0/consumer_group.go:969","message":"Kafka session context done"}
{"level":"INFO","timestamp":"2026-04-27T00:56:57.258+0500","caller":"sarama@v1.48.0/consumer_group.go:969","message":"Kafka session context done"}
{"level":"INFO","timestamp":"2026-04-27T00:56:57.761+0500","caller":"order_consumer/consumer.go:33","message":"Kafka consumer group rebalancing..."}
{"level":"INFO","timestamp":"2026-04-27T00:56:57.770+0500","caller":"sarama@v1.48.0/consumer_group.go:869","message":"New session","member_id":"sarama-561d87b5-7041-4a86-9ee5-0172745f9e02","claims":{"order.paid":[0]}}
{"level":"INFO","timestamp":"2026-04-27T00:56:57.770+0500","caller":"sarama@v1.48.0/consumer_group.go:869","message":"New session","member_id":"sarama-df903e16-52f8-44cd-8790-255ccf4ac5f4","claims":{"order.paid":[1]}}
{"level":"INFO","timestamp":"2026-04-27T00:57:15.485+0500","caller":"payment/payment.go:15","message":"payment succeeded","transaction_uuid":"925693a1-0c49-4fdb-b711-fbf65e6fc0a3","order_uuid":"d6a3bc05-8da5-4aab-b82d-71c58fff9a2a","user_uuid":"d6a3bc05-8da5-4aab-b82d-71c58fff9a2a","payment_method":4}
{"level":"INFO","timestamp":"2026-04-27T00:57:15.493+0500","caller":"order_producer/producer.go:28","message":"Message sent","topic":"order.paid","partition":0,"offset":0,"key":"d6a3bc05-8da5-4aab-b82d-71c58fff9a2a","value":"\n$a829250e-c827-4e2e-b78b-8df5a98c11ce\u0012$d6a3bc05-8da5-4aab-b82d-71c58fff9a2a\u001a$d6a3bc05-8da5-4aab-b82d-71c58fff9a2a\"\u000einvestor-money*$925693a1-0c49-4fdb-b711-fbf65e6fc0a3"}
{"level":"INFO","timestamp":"2026-04-27T00:57:15.494+0500","caller":"sarama@v1.48.0/consumer_group.go:969","message":"message received","member_id":"sarama-561d87b5-7041-4a86-9ee5-0172745f9e02","key":"d6a3bc05-8da5-4aab-b82d-71c58fff9a2a","partition":0,"offset":0}
{"level":"INFO","timestamp":"2026-04-27T00:57:15.494+0500","caller":"consumer/groupHandler.go:66","message":"Kafka msg received","topic":"order.paid"}
{"level":"INFO","timestamp":"2026-04-27T00:57:15.494+0500","caller":"order_consumer/handler.go:21","message":"Processing message","topic":"order.paid","partition":0,"offset":0,"order_uuid":"d6a3bc05-8da5-4aab-b82d-71c58fff9a2a","event_uuid":"a829250e-c827-4e2e-b78b-8df5a98c11ce","payment_method":"investor-money","transaction_uuid":"925693a1-0c49-4fdb-b711-fbf65e6fc0a3"}
{"level":"INFO","timestamp":"2026-04-27T00:57:18.091+0500","caller":"payment/payment.go:15","message":"payment succeeded","transaction_uuid":"0fe2404e-957f-432c-97c8-45013d48563f","order_uuid":"27f223be-f0c8-44fe-bc9b-976884c8cfee","user_uuid":"27f223be-f0c8-44fe-bc9b-976884c8cfee","payment_method":4}
{"level":"INFO","timestamp":"2026-04-27T00:57:18.097+0500","caller":"order_producer/producer.go:28","message":"Message sent","topic":"order.paid","partition":0,"offset":1,"key":"27f223be-f0c8-44fe-bc9b-976884c8cfee","value":"\n$17666e7b-0b55-4211-b9d1-265d4ea8c22f\u0012$27f223be-f0c8-44fe-bc9b-976884c8cfee\u001a$27f223be-f0c8-44fe-bc9b-976884c8cfee\"\u000einvestor-money*$0fe2404e-957f-432c-97c8-45013d48563f"}
{"level":"INFO","timestamp":"2026-04-27T00:57:25.501+0500","caller":"order_producer/producer.go:27","message":"Message sent","topic":"order.assembled","partition":0,"offset":18,"key":"a829250e-c827-4e2e-b78b-8df5a98c11ce","value":"\n$a829250e-c827-4e2e-b78b-8df5a98c11ce\u0012$d6a3bc05-8da5-4aab-b82d-71c58fff9a2a\u001a$d6a3bc05-8da5-4aab-b82d-71c58fff9a2a \n"}
{"level":"INFO","timestamp":"2026-04-27T00:57:25.501+0500","caller":"sarama@v1.48.0/consumer_group.go:969","message":"message received","member_id":"sarama-561d87b5-7041-4a86-9ee5-0172745f9e02","key":"27f223be-f0c8-44fe-bc9b-976884c8cfee","partition":0,"offset":1}
{"level":"INFO","timestamp":"2026-04-27T00:57:25.501+0500","caller":"consumer/groupHandler.go:66","message":"Kafka msg received","topic":"order.paid"}
{"level":"INFO","timestamp":"2026-04-27T00:57:25.501+0500","caller":"order_consumer/handler.go:21","message":"Processing message","topic":"order.paid","partition":0,"offset":1,"order_uuid":"27f223be-f0c8-44fe-bc9b-976884c8cfee","event_uuid":"17666e7b-0b55-4211-b9d1-265d4ea8c22f","payment_method":"investor-money","transaction_uuid":"0fe2404e-957f-432c-97c8-45013d48563f"}
{"level":"INFO","timestamp":"2026-04-27T00:57:29.506+0500","caller":"order_producer/producer.go:27","message":"Message sent","topic":"order.assembled","partition":0,"offset":19,"key":"17666e7b-0b55-4211-b9d1-265d4ea8c22f","value":"\n$17666e7b-0b55-4211-b9d1-265d4ea8c22f\u0012$27f223be-f0c8-44fe-bc9b-976884c8cfee\u001a$27f223be-f0c8-44fe-bc9b-976884c8cfee \u0004"}
{"level":"INFO","timestamp":"2026-04-27T00:58:09.506+0500","caller":"payment/payment.go:15","message":"payment succeeded","transaction_uuid":"bfdfc2cb-9ed0-44b3-9eca-21e6ae7b9468","order_uuid":"c2376ab6-d3d4-43b9-9b6d-a44fe1c072f2","user_uuid":"c2376ab6-d3d4-43b9-9b6d-a44fe1c072f2","payment_method":4}
{"level":"INFO","timestamp":"2026-04-27T00:58:09.511+0500","caller":"order_producer/producer.go:28","message":"Message sent","topic":"order.paid","partition":0,"offset":2,"key":"c2376ab6-d3d4-43b9-9b6d-a44fe1c072f2","value":"\n$479dfd84-ab7d-4030-959a-ee3fcdd0c23c\u0012$c2376ab6-d3d4-43b9-9b6d-a44fe1c072f2\u001a$c2376ab6-d3d4-43b9-9b6d-a44fe1c072f2\"\u000einvestor-money*$bfdfc2cb-9ed0-44b3-9eca-21e6ae7b9468"}
{"level":"INFO","timestamp":"2026-04-27T00:58:09.511+0500","caller":"sarama@v1.48.0/consumer_group.go:969","message":"message received","member_id":"sarama-561d87b5-7041-4a86-9ee5-0172745f9e02","key":"c2376ab6-d3d4-43b9-9b6d-a44fe1c072f2","partition":0,"offset":2}
{"level":"INFO","timestamp":"2026-04-27T00:58:09.511+0500","caller":"consumer/groupHandler.go:66","message":"Kafka msg received","topic":"order.paid"}
{"level":"INFO","timestamp":"2026-04-27T00:58:09.511+0500","caller":"order_consumer/handler.go:21","message":"Processing message","topic":"order.paid","partition":0,"offset":2,"order_uuid":"c2376ab6-d3d4-43b9-9b6d-a44fe1c072f2","event_uuid":"479dfd84-ab7d-4030-959a-ee3fcdd0c23c","payment_method":"investor-money","transaction_uuid":"bfdfc2cb-9ed0-44b3-9eca-21e6ae7b9468"}
{"level":"INFO","timestamp":"2026-04-27T00:58:11.515+0500","caller":"order_producer/producer.go:27","message":"Message sent","topic":"order.assembled","partition":0,"offset":20,"key":"479dfd84-ab7d-4030-959a-ee3fcdd0c23c","value":"\n$479dfd84-ab7d-4030-959a-ee3fcdd0c23c\u0012$c2376ab6-d3d4-43b9-9b6d-a44fe1c072f2\u001a$c2376ab6-d3d4-43b9-9b6d-a44fe1c072f2 \u0002"}
{"level":"INFO","timestamp":"2026-04-27T01:06:31.834+0500","caller":"runtime/asm_amd64.s:1693","message":"🛑 Получен системный сигнал, начинаем graceful shutdown..."}
{"level":"INFO","timestamp":"2026-04-27T01:06:31.834+0500","caller":"app/app.go:34","message":"Shutdown signal received"}
{"level":"INFO","timestamp":"2026-04-27T01:06:31.834+0500","caller":"sync/once.go:78","message":"🚦 Начинаем процесс graceful shutdown..."}
{"level":"INFO","timestamp":"2026-04-27T01:06:31.834+0500","caller":"sarama@v1.48.0/consumer_group.go:969","message":"Kafka session context done"}
{"level":"INFO","timestamp":"2026-04-27T01:06:31.834+0500","caller":"closer/closer.go:171","message":"🧩 Закрываем Kafka sync producer..."}
{"level":"INFO","timestamp":"2026-04-27T01:06:31.834+0500","caller":"closer/closer.go:171","message":"🧩 Закрываем Kafka consumer group..."}
{"level":"INFO","timestamp":"2026-04-27T01:06:31.835+0500","caller":"closer/closer.go:171","message":"✅ Kafka sync producer успешно закрыт за 267.376µs"}
{"level":"ERROR","timestamp":"2026-04-27T01:06:32.069+0500","caller":"order_consumer/consumer.go:35","message":"Failed to start order consumer service","error":"context canceled"}
{"level":"INFO","timestamp":"2026-04-27T01:06:32.081+0500","caller":"closer/closer.go:171","message":"✅ Kafka consumer group успешно закрыт за 246.279664ms"}
{"level":"INFO","timestamp":"2026-04-27T01:06:32.081+0500","caller":"sync/once.go:78","message":"✅ Все ресурсы успешно закрыты"}
{"level":"INFO","timestamp":"2026-04-27T01:06:33.424+0500","caller":"runtime/asm_amd64.s:1693","message":"🛑 Получен системный сигнал, начинаем graceful shutdown..."}
{"level":"INFO","timestamp":"2026-04-27T01:06:33.425+0500","caller":"app/app.go:34","message":"Shutdown signal received"}
{"level":"INFO","timestamp":"2026-04-27T01:06:33.425+0500","caller":"sarama@v1.48.0/consumer_group.go:969","message":"Kafka session context done"}
{"level":"INFO","timestamp":"2026-04-27T01:06:33.425+0500","caller":"sync/once.go:78","message":"🚦 Начинаем процесс graceful shutdown..."}
{"level":"INFO","timestamp":"2026-04-27T01:06:33.425+0500","caller":"closer/closer.go:171","message":"🧩 Закрываем Kafka consumer group..."}
{"level":"INFO","timestamp":"2026-04-27T01:06:33.425+0500","caller":"closer/closer.go:171","message":"🧩 Закрываем Kafka sync producer..."}
{"level":"INFO","timestamp":"2026-04-27T01:06:33.425+0500","caller":"closer/closer.go:171","message":"✅ Kafka sync producer успешно закрыт за 332.075µs"}
{"level":"ERROR","timestamp":"2026-04-27T01:06:33.870+0500","caller":"order_consumer/consumer.go:35","message":"Failed to start order consumer service","error":"context canceled"}
{"level":"INFO","timestamp":"2026-04-27T01:06:33.881+0500","caller":"closer/closer.go:171","message":"✅ Kafka consumer group успешно закрыт за 456.580019ms"}
{"level":"INFO","timestamp":"2026-04-27T01:06:33.882+0500","caller":"sync/once.go:78","message":"✅ Все ресурсы успешно закрыты"}
{"level":"INFO","timestamp":"2026-04-27T01:06:44.481+0500","caller":"app/app.go:90","message":"🚀 Order Kafka consumer running"}
{"level":"INFO","timestamp":"2026-04-27T01:06:44.488+0500","caller":"order_consumer/consumer.go:31","message":"Starting order consumer service"}
{"level":"INFO","timestamp":"2026-04-27T01:06:44.509+0500","caller":"sarama@v1.48.0/consumer_group.go:869","message":"New session","member_id":"sarama-59594f76-22b8-435d-8e05-66f8d662ebe5","claims":{"order.paid":[0,1]}}
{"level":"INFO","timestamp":"2026-04-27T01:06:48.792+0500","caller":"app/app.go:90","message":"🚀 Order Kafka consumer running"}
{"level":"INFO","timestamp":"2026-04-27T01:06:48.798+0500","caller":"order_consumer/consumer.go:31","message":"Starting order consumer service"}
{"level":"INFO","timestamp":"2026-04-27T01:06:51.146+0500","caller":"sarama@v1.48.0/consumer_group.go:969","message":"Kafka session context done"}
{"level":"INFO","timestamp":"2026-04-27T01:06:51.146+0500","caller":"sarama@v1.48.0/consumer_group.go:969","message":"Kafka session context done"}
{"level":"INFO","timestamp":"2026-04-27T01:06:51.647+0500","caller":"order_consumer/consumer.go:33","message":"Kafka consumer group rebalancing..."}
{"level":"INFO","timestamp":"2026-04-27T01:06:51.653+0500","caller":"sarama@v1.48.0/consumer_group.go:869","message":"New session","member_id":"sarama-59594f76-22b8-435d-8e05-66f8d662ebe5","claims":{"order.paid":[0]}}
{"level":"INFO","timestamp":"2026-04-27T01:06:51.653+0500","caller":"sarama@v1.48.0/consumer_group.go:869","message":"New session","member_id":"sarama-b98e7497-b519-49ba-bd9a-0d04da7eae2f","claims":{"order.paid":[1]}}
{"level":"INFO","timestamp":"2026-04-27T01:07:01.922+0500","caller":"payment/payment.go:15","message":"payment succeeded","transaction_uuid":"b0b4d5f9-183d-4e40-88b9-4130932f0296","order_uuid":"c2376ab6-d3d4-43b9-9b6d-a44fe1c072f2","user_uuid":"c2376ab6-d3d4-43b9-9b6d-a44fe1c072f2","payment_method":4}
{"level":"INFO","timestamp":"2026-04-27T01:07:01.934+0500","caller":"order_producer/producer.go:28","message":"Message sent","topic":"order.paid","partition":0,"offset":3,"key":"c2376ab6-d3d4-43b9-9b6d-a44fe1c072f2","value":"\n$a5718e3d-fcaa-4138-8a0d-c63f084e8d6b\u0012$c2376ab6-d3d4-43b9-9b6d-a44fe1c072f2\u001a$c2376ab6-d3d4-43b9-9b6d-a44fe1c072f2\"\u000einvestor-money*$b0b4d5f9-183d-4e40-88b9-4130932f0296"}
{"level":"INFO","timestamp":"2026-04-27T01:07:01.936+0500","caller":"sarama@v1.48.0/consumer_group.go:969","message":"message received","member_id":"sarama-59594f76-22b8-435d-8e05-66f8d662ebe5","key":"c2376ab6-d3d4-43b9-9b6d-a44fe1c072f2","partition":0,"offset":3}
{"level":"INFO","timestamp":"2026-04-27T01:07:01.936+0500","caller":"consumer/groupHandler.go:66","message":"Kafka msg received","topic":"order.paid"}
{"level":"INFO","timestamp":"2026-04-27T01:07:01.937+0500","caller":"order_consumer/handler.go:21","message":"Processing message","topic":"order.paid","partition":0,"offset":3,"order_uuid":"c2376ab6-d3d4-43b9-9b6d-a44fe1c072f2","event_uuid":"a5718e3d-fcaa-4138-8a0d-c63f084e8d6b","payment_method":"investor-money","transaction_uuid":"b0b4d5f9-183d-4e40-88b9-4130932f0296"}
{"level":"INFO","timestamp":"2026-04-27T01:07:05.025+0500","caller":"payment/payment.go:15","message":"payment succeeded","transaction_uuid":"cf335ade-4a48-47ab-9d28-99763e897e1f","order_uuid":"27f223be-f0c8-44fe-bc9b-976884c8cfee","user_uuid":"27f223be-f0c8-44fe-bc9b-976884c8cfee","payment_method":4}
{"level":"INFO","timestamp":"2026-04-27T01:07:05.032+0500","caller":"order_producer/producer.go:28","message":"Message sent","topic":"order.paid","partition":0,"offset":4,"key":"27f223be-f0c8-44fe-bc9b-976884c8cfee","value":"\n$a453fad9-d492-4ef4-8ad9-e3956eec0347\u0012$27f223be-f0c8-44fe-bc9b-976884c8cfee\u001a$27f223be-f0c8-44fe-bc9b-976884c8cfee\"\u000einvestor-money*$cf335ade-4a48-47ab-9d28-99763e897e1f"}
{"level":"INFO","timestamp":"2026-04-27T01:07:11.953+0500","caller":"order_producer/producer.go:27","message":"Message sent","topic":"order.assembled","partition":0,"offset":21,"key":"a5718e3d-fcaa-4138-8a0d-c63f084e8d6b","value":"\n$a5718e3d-fcaa-4138-8a0d-c63f084e8d6b\u0012$c2376ab6-d3d4-43b9-9b6d-a44fe1c072f2\u001a$c2376ab6-d3d4-43b9-9b6d-a44fe1c072f2 \n"}
{"level":"INFO","timestamp":"2026-04-27T01:07:11.954+0500","caller":"sarama@v1.48.0/consumer_group.go:969","message":"message received","member_id":"sarama-59594f76-22b8-435d-8e05-66f8d662ebe5","key":"27f223be-f0c8-44fe-bc9b-976884c8cfee","partition":0,"offset":4}
{"level":"INFO","timestamp":"2026-04-27T01:07:11.954+0500","caller":"consumer/groupHandler.go:66","message":"Kafka msg received","topic":"order.paid"}
{"level":"INFO","timestamp":"2026-04-27T01:07:11.954+0500","caller":"order_consumer/handler.go:21","message":"Processing message","topic":"order.paid","partition":0,"offset":4,"order_uuid":"27f223be-f0c8-44fe-bc9b-976884c8cfee","event_uuid":"a453fad9-d492-4ef4-8ad9-e3956eec0347","payment_method":"investor-money","transaction_uuid":"cf335ade-4a48-47ab-9d28-99763e897e1f"}
{"level":"INFO","timestamp":"2026-04-27T01:07:20.957+0500","caller":"order_producer/producer.go:27","message":"Message sent","topic":"order.assembled","partition":0,"offset":22,"key":"a453fad9-d492-4ef4-8ad9-e3956eec0347","value":"\n$a453fad9-d492-4ef4-8ad9-e3956eec0347\u0012$27f223be-f0c8-44fe-bc9b-976884c8cfee\u001a$27f223be-f0c8-44fe-bc9b-976884c8cfee \t"}
{"level":"INFO","timestamp":"2026-04-27T01:08:37.598+0500","caller":"runtime/asm_amd64.s:1693","message":"🛑 Получен системный сигнал, начинаем graceful shutdown..."}
{"level":"INFO","timestamp":"2026-04-27T01:08:37.598+0500","caller":"app/app.go:34","message":"Shutdown signal received"}
{"level":"INFO","timestamp":"2026-04-27T01:08:37.598+0500","caller":"sarama@v1.48.0/consumer_group.go:969","message":"Kafka session context done"}
{"level":"INFO","timestamp":"2026-04-27T01:08:37.598+0500","caller":"sync/once.go:78","message":"🚦 Начинаем процесс graceful shutdown..."}
{"level":"INFO","timestamp":"2026-04-27T01:08:37.599+0500","caller":"closer/closer.go:171","message":"🧩 Закрываем Kafka sync producer..."}
{"level":"INFO","timestamp":"2026-04-27T01:08:37.599+0500","caller":"closer/closer.go:171","message":"🧩 Закрываем Kafka consumer group..."}
{"level":"INFO","timestamp":"2026-04-27T01:08:37.599+0500","caller":"closer/closer.go:171","message":"✅ Kafka sync producer успешно закрыт за 453.468µs"}
{"level":"ERROR","timestamp":"2026-04-27T01:08:37.935+0500","caller":"order_consumer/consumer.go:35","message":"Failed to start order consumer service","error":"context canceled"}
{"level":"INFO","timestamp":"2026-04-27T01:08:37.937+0500","caller":"closer/closer.go:171","message":"✅ Kafka consumer group успешно закрыт за 338.167525ms"}
{"level":"INFO","timestamp":"2026-04-27T01:08:37.937+0500","caller":"sync/once.go:78","message":"✅ Все ресурсы успешно закрыты"}
{"level":"INFO","timestamp":"2026-04-27T01:08:39.219+0500","caller":"runtime/asm_amd64.s:1693","message":"🛑 Получен системный сигнал, начинаем graceful shutdown..."}
{"level":"INFO","timestamp":"2026-04-27T01:08:39.219+0500","caller":"sarama@v1.48.0/consumer_group.go:969","message":"Kafka session context done"}
{"level":"INFO","timestamp":"2026-04-27T01:08:39.219+0500","caller":"app/app.go:34","message":"Shutdown signal received"}
{"level":"INFO","timestamp":"2026-04-27T01:08:39.219+0500","caller":"sync/once.go:78","message":"🚦 Начинаем процесс graceful shutdown..."}
{"level":"INFO","timestamp":"2026-04-27T01:08:39.219+0500","caller":"closer/closer.go:171","message":"🧩 Закрываем Kafka sync producer..."}
{"level":"INFO","timestamp":"2026-04-27T01:08:39.219+0500","caller":"closer/closer.go:171","message":"🧩 Закрываем Kafka consumer group..."}
{"level":"INFO","timestamp":"2026-04-27T01:08:39.219+0500","caller":"closer/closer.go:171","message":"✅ Kafka sync producer успешно закрыт за 110.705µs"}
{"level":"ERROR","timestamp":"2026-04-27T01:08:39.690+0500","caller":"order_consumer/consumer.go:35","message":"Failed to start order consumer service","error":"context canceled"}
{"level":"INFO","timestamp":"2026-04-27T01:08:39.693+0500","caller":"closer/closer.go:171","message":"✅ Kafka consumer group успешно закрыт за 473.593901ms"}
{"level":"INFO","timestamp":"2026-04-27T01:08:39.693+0500","caller":"sync/once.go:78","message":"✅ Все ресурсы успешно закрыты"}
{"level":"INFO","timestamp":"2026-04-27T01:08:42.525+0500","caller":"app/app.go:90","message":"🚀 Order Kafka consumer running"}
{"level":"INFO","timestamp":"2026-04-27T01:08:42.531+0500","caller":"order_consumer/consumer.go:31","message":"Starting order consumer service"}
{"level":"INFO","timestamp":"2026-04-27T01:08:42.538+0500","caller":"sarama@v1.48.0/consumer_group.go:869","message":"New session","member_id":"sarama-43a18278-2340-479f-87b1-5e5cb45aea1b","claims":{"order.paid":[0,1]}}
{"level":"INFO","timestamp":"2026-04-27T01:08:46.955+0500","caller":"app/app.go:90","message":"🚀 Order Kafka consumer running"}
{"level":"INFO","timestamp":"2026-04-27T01:08:46.962+0500","caller":"order_consumer/consumer.go:31","message":"Starting order consumer service"}
{"level":"INFO","timestamp":"2026-04-27T01:08:48.673+0500","caller":"sarama@v1.48.0/consumer_group.go:969","message":"Kafka session context done"}
{"level":"INFO","timestamp":"2026-04-27T01:08:48.673+0500","caller":"sarama@v1.48.0/consumer_group.go:969","message":"Kafka session context done"}
{"level":"INFO","timestamp":"2026-04-27T01:08:49.174+0500","caller":"order_consumer/consumer.go:33","message":"Kafka consumer group rebalancing..."}
{"level":"INFO","timestamp":"2026-04-27T01:08:49.190+0500","caller":"sarama@v1.48.0/consumer_group.go:869","message":"New session","member_id":"sarama-43a18278-2340-479f-87b1-5e5cb45aea1b","claims":{"order.paid":[0]}}
{"level":"INFO","timestamp":"2026-04-27T01:08:49.190+0500","caller":"sarama@v1.48.0/consumer_group.go:869","message":"New session","member_id":"sarama-9b05e1a2-5149-49ab-8c31-a92d2b308ac7","claims":{"order.paid":[1]}}
{"level":"INFO","timestamp":"2026-04-27T01:09:00.308+0500","caller":"payment/payment.go:15","message":"payment succeeded","transaction_uuid":"8da2d7dc-2efa-4c57-9db7-1dfe3bf10731","order_uuid":"27f223be-f0c8-44fe-bc9b-976884c8cfee","user_uuid":"27f223be-f0c8-44fe-bc9b-976884c8cfee","payment_method":4}
{"level":"INFO","timestamp":"2026-04-27T01:09:00.316+0500","caller":"order_producer/producer.go:28","message":"Message sent","topic":"order.paid","partition":0,"offset":5,"key":"27f223be-f0c8-44fe-bc9b-976884c8cfee","value":"\n$afe54358-9e46-4426-9349-1e39145659c2\u0012$27f223be-f0c8-44fe-bc9b-976884c8cfee\u001a$27f223be-f0c8-44fe-bc9b-976884c8cfee\"\u000einvestor-money*$8da2d7dc-2efa-4c57-9db7-1dfe3bf10731"}
{"level":"INFO","timestamp":"2026-04-27T01:09:00.317+0500","caller":"sarama@v1.48.0/consumer_group.go:969","message":"message received","member_id":"sarama-43a18278-2340-479f-87b1-5e5cb45aea1b","key":"27f223be-f0c8-44fe-bc9b-976884c8cfee","partition":0,"offset":5}
{"level":"INFO","timestamp":"2026-04-27T01:09:00.317+0500","caller":"consumer/groupHandler.go:66","message":"Kafka msg received","topic":"order.paid"}
{"level":"INFO","timestamp":"2026-04-27T01:09:00.318+0500","caller":"order_consumer/handler.go:21","message":"Processing message","topic":"order.paid","partition":0,"offset":5,"order_uuid":"27f223be-f0c8-44fe-bc9b-976884c8cfee","event_uuid":"afe54358-9e46-4426-9349-1e39145659c2","payment_method":"investor-money","transaction_uuid":"8da2d7dc-2efa-4c57-9db7-1dfe3bf10731"}
{"level":"INFO","timestamp":"2026-04-27T01:09:01.326+0500","caller":"order_producer/producer.go:27","message":"Message sent","topic":"order.assembled","partition":0,"offset":23,"key":"afe54358-9e46-4426-9349-1e39145659c2","value":"\n$afe54358-9e46-4426-9349-1e39145659c2\u0012$27f223be-f0c8-44fe-bc9b-976884c8cfee\u001a$27f223be-f0c8-44fe-bc9b-976884c8cfee \u0001"}
{"level":"INFO","timestamp":"2026-04-27T01:09:02.999+0500","caller":"payment/payment.go:15","message":"payment succeeded","transaction_uuid":"d82e99b7-765e-42a6-90c3-979f5fa043ac","order_uuid":"c2376ab6-d3d4-43b9-9b6d-a44fe1c072f2","user_uuid":"c2376ab6-d3d4-43b9-9b6d-a44fe1c072f2","payment_method":4}
{"level":"INFO","timestamp":"2026-04-27T01:09:03.005+0500","caller":"order_producer/producer.go:28","message":"Message sent","topic":"order.paid","partition":0,"offset":6,"key":"c2376ab6-d3d4-43b9-9b6d-a44fe1c072f2","value":"\n$2df605fb-7358-4153-ab66-ab1415784179\u0012$c2376ab6-d3d4-43b9-9b6d-a44fe1c072f2\u001a$c2376ab6-d3d4-43b9-9b6d-a44fe1c072f2\"\u000einvestor-money*$d82e99b7-765e-42a6-90c3-979f5fa043ac"}
{"level":"INFO","timestamp":"2026-04-27T01:09:03.006+0500","caller":"sarama@v1.48.0/consumer_group.go:969","message":"message received","member_id":"sarama-43a18278-2340-479f-87b1-5e5cb45aea1b","key":"c2376ab6-d3d4-43b9-9b6d-a44fe1c072f2","partition":0,"offset":6}
{"level":"INFO","timestamp":"2026-04-27T01:09:03.006+0500","caller":"consumer/groupHandler.go:66","message":"Kafka msg received","topic":"order.paid"}
{"level":"INFO","timestamp":"2026-04-27T01:09:03.006+0500","caller":"order_consumer/handler.go:21","message":"Processing message","topic":"order.paid","partition":0,"offset":6,"order_uuid":"c2376ab6-d3d4-43b9-9b6d-a44fe1c072f2","event_uuid":"2df605fb-7358-4153-ab66-ab1415784179","payment_method":"investor-money","transaction_uuid":"d82e99b7-765e-42a6-90c3-979f5fa043ac"}
{"level":"INFO","timestamp":"2026-04-27T01:09:08.009+0500","caller":"order_producer/producer.go:27","message":"Message sent","topic":"order.assembled","partition":0,"offset":24,"key":"2df605fb-7358-4153-ab66-ab1415784179","value":"\n$2df605fb-7358-4153-ab66-ab1415784179\u0012$c2376ab6-d3d4-43b9-9b6d-a44fe1c072f2\u001a$c2376ab6-d3d4-43b9-9b6d-a44fe1c072f2 \u0005"}
{"level":"INFO","timestamp":"2026-04-27T01:10:06.561+0500","caller":"sarama@v1.48.0/consumer_group.go:969","message":"Kafka session context done"}
{"level":"INFO","timestamp":"2026-04-27T01:10:06.561+0500","caller":"app/app.go:34","message":"Shutdown signal received"}
{"level":"INFO","timestamp":"2026-04-27T01:10:06.561+0500","caller":"sync/once.go:78","message":"🚦 Начинаем процесс graceful shutdown..."}
{"level":"INFO","timestamp":"2026-04-27T01:10:06.561+0500","caller":"runtime/asm_amd64.s:1693","message":"🛑 Получен системный сигнал, начинаем graceful shutdown..."}
{"level":"INFO","timestamp":"2026-04-27T01:10:06.561+0500","caller":"closer/closer.go:171","message":"🧩 Закрываем Kafka sync producer..."}
{"level":"INFO","timestamp":"2026-04-27T01:10:06.561+0500","caller":"closer/closer.go:171","message":"🧩 Закрываем Kafka consumer group..."}
{"level":"INFO","timestamp":"2026-04-27T01:10:06.561+0500","caller":"closer/closer.go:171","message":"✅ Kafka sync producer успешно закрыт за 196.011µs"}
{"level":"ERROR","timestamp":"2026-04-27T01:10:06.760+0500","caller":"order_consumer/consumer.go:35","message":"Failed to start order consumer service","error":"context canceled"}
{"level":"INFO","timestamp":"2026-04-27T01:10:06.763+0500","caller":"closer/closer.go:171","message":"✅ Kafka consumer group успешно закрыт за 202.270219ms"}
{"level":"INFO","timestamp":"2026-04-27T01:10:06.764+0500","caller":"sync/once.go:78","message":"✅ Все ресурсы успешно закрыты"}
{"level":"INFO","timestamp":"2026-04-27T01:10:08.185+0500","caller":"sarama@v1.48.0/consumer_group.go:969","message":"Kafka session context done"}
{"level":"INFO","timestamp":"2026-04-27T01:10:08.686+0500","caller":"order_consumer/consumer.go:33","message":"Kafka consumer group rebalancing..."}
{"level":"INFO","timestamp":"2026-04-27T01:10:08.697+0500","caller":"sarama@v1.48.0/consumer_group.go:869","message":"New session","member_id":"sarama-9b05e1a2-5149-49ab-8c31-a92d2b308ac7","claims":{"order.paid":[0,1]}}
{"level":"INFO","timestamp":"2026-04-27T01:10:11.074+0500","caller":"app/app.go:34","message":"Shutdown signal received"}
{"level":"INFO","timestamp":"2026-04-27T01:10:11.075+0500","caller":"sarama@v1.48.0/consumer_group.go:969","message":"Kafka session context done"}
{"level":"INFO","timestamp":"2026-04-27T01:10:11.074+0500","caller":"runtime/asm_amd64.s:1693","message":"🛑 Получен системный сигнал, начинаем graceful shutdown..."}
{"level":"INFO","timestamp":"2026-04-27T01:10:11.075+0500","caller":"sync/once.go:78","message":"🚦 Начинаем процесс graceful shutdown..."}
{"level":"INFO","timestamp":"2026-04-27T01:10:11.075+0500","caller":"closer/closer.go:171","message":"🧩 Закрываем Kafka sync producer..."}
{"level":"INFO","timestamp":"2026-04-27T01:10:11.075+0500","caller":"sarama@v1.48.0/consumer_group.go:969","message":"Kafka session context done"}
{"level":"INFO","timestamp":"2026-04-27T01:10:11.075+0500","caller":"closer/closer.go:171","message":"🧩 Закрываем Kafka consumer group..."}
{"level":"INFO","timestamp":"2026-04-27T01:10:11.075+0500","caller":"closer/closer.go:171","message":"✅ Kafka sync producer успешно закрыт за 106.22µs"}
{"level":"ERROR","timestamp":"2026-04-27T01:10:11.307+0500","caller":"order_consumer/consumer.go:35","message":"Failed to start order consumer service","error":"context canceled"}
{"level":"INFO","timestamp":"2026-04-27T01:10:11.311+0500","caller":"closer/closer.go:171","message":"✅ Kafka consumer group успешно закрыт за 236.106885ms"}
{"level":"INFO","timestamp":"2026-04-27T01:10:11.311+0500","caller":"sync/once.go:78","message":"✅ Все ресурсы успешно закрыты"}
{"level":"INFO","timestamp":"2026-04-27T01:10:16.747+0500","caller":"app/app.go:90","message":"🚀 Order Kafka consumer running"}
{"level":"INFO","timestamp":"2026-04-27T01:10:16.753+0500","caller":"order_consumer/consumer.go:31","message":"Starting order consumer service"}
{"level":"INFO","timestamp":"2026-04-27T01:10:16.761+0500","caller":"sarama@v1.48.0/consumer_group.go:869","message":"New session","member_id":"sarama-32be6747-b731-4ac4-9ddc-aba28aef791b","claims":{"order.paid":[0,1]}}
{"level":"INFO","timestamp":"2026-04-27T01:10:18.119+0500","caller":"app/app.go:90","message":"🚀 Order Kafka consumer running"}
{"level":"INFO","timestamp":"2026-04-27T01:10:18.127+0500","caller":"order_consumer/consumer.go:31","message":"Starting order consumer service"}
{"level":"INFO","timestamp":"2026-04-27T01:10:19.876+0500","caller":"sarama@v1.48.0/consumer_group.go:969","message":"Kafka session context done"}
{"level":"INFO","timestamp":"2026-04-27T01:10:19.876+0500","caller":"sarama@v1.48.0/consumer_group.go:969","message":"Kafka session context done"}
{"level":"INFO","timestamp":"2026-04-27T01:10:20.379+0500","caller":"order_consumer/consumer.go:33","message":"Kafka consumer group rebalancing..."}
{"level":"INFO","timestamp":"2026-04-27T01:10:20.395+0500","caller":"sarama@v1.48.0/consumer_group.go:869","message":"New session","member_id":"sarama-32be6747-b731-4ac4-9ddc-aba28aef791b","claims":{"order.paid":[0]}}
{"level":"INFO","timestamp":"2026-04-27T01:10:20.395+0500","caller":"sarama@v1.48.0/consumer_group.go:869","message":"New session","member_id":"sarama-ad16234a-f968-42c7-8625-3bbeabc0aeed","claims":{"order.paid":[1]}}
{"level":"INFO","timestamp":"2026-04-27T01:10:30.281+0500","caller":"payment/payment.go:15","message":"payment succeeded","transaction_uuid":"1d040b3a-116b-4b99-abaf-cf8f47a3519d","order_uuid":"c2376ab6-d3d4-43b9-9b6d-a44fe1c072f2","user_uuid":"c2376ab6-d3d4-43b9-9b6d-a44fe1c072f2","payment_method":4}
{"level":"INFO","timestamp":"2026-04-27T01:10:30.289+0500","caller":"order_producer/producer.go:28","message":"Message sent","topic":"order.paid","partition":0,"offset":7,"key":"c2376ab6-d3d4-43b9-9b6d-a44fe1c072f2","value":"\n$6bacbbd4-a3d6-4764-a810-ca54e64e7e93\u0012$c2376ab6-d3d4-43b9-9b6d-a44fe1c072f2\u001a$c2376ab6-d3d4-43b9-9b6d-a44fe1c072f2\"\u000einvestor-money*$1d040b3a-116b-4b99-abaf-cf8f47a3519d"}
{"level":"INFO","timestamp":"2026-04-27T01:10:30.289+0500","caller":"sarama@v1.48.0/consumer_group.go:969","message":"message received","member_id":"sarama-32be6747-b731-4ac4-9ddc-aba28aef791b","key":"c2376ab6-d3d4-43b9-9b6d-a44fe1c072f2","partition":0,"offset":7}
{"level":"INFO","timestamp":"2026-04-27T01:10:30.289+0500","caller":"consumer/groupHandler.go:66","message":"Kafka msg received","topic":"order.paid"}
{"level":"INFO","timestamp":"2026-04-27T01:10:30.290+0500","caller":"order_consumer/handler.go:21","message":"Processing message","topic":"order.paid","partition":0,"offset":7,"order_uuid":"c2376ab6-d3d4-43b9-9b6d-a44fe1c072f2","event_uuid":"6bacbbd4-a3d6-4764-a810-ca54e64e7e93","payment_method":"investor-money","transaction_uuid":"1d040b3a-116b-4b99-abaf-cf8f47a3519d","key":"c2376ab6-d3d4-43b9-9b6d-a44fe1c072f2"}
{"level":"INFO","timestamp":"2026-04-27T01:10:32.818+0500","caller":"payment/payment.go:15","message":"payment succeeded","transaction_uuid":"a50cbe6f-c127-4db1-88f7-3682b27a8980","order_uuid":"27f223be-f0c8-44fe-bc9b-976884c8cfee","user_uuid":"27f223be-f0c8-44fe-bc9b-976884c8cfee","payment_method":4}
{"level":"INFO","timestamp":"2026-04-27T01:10:32.823+0500","caller":"order_producer/producer.go:28","message":"Message sent","topic":"order.paid","partition":0,"offset":8,"key":"27f223be-f0c8-44fe-bc9b-976884c8cfee","value":"\n$ae691923-f04c-4dc9-ae82-0781eb0de657\u0012$27f223be-f0c8-44fe-bc9b-976884c8cfee\u001a$27f223be-f0c8-44fe-bc9b-976884c8cfee\"\u000einvestor-money*$a50cbe6f-c127-4db1-88f7-3682b27a8980"}
{"level":"INFO","timestamp":"2026-04-27T01:10:36.299+0500","caller":"order_producer/producer.go:27","message":"Message sent","topic":"order.assembled","partition":0,"offset":25,"key":"6bacbbd4-a3d6-4764-a810-ca54e64e7e93","value":"\n$6bacbbd4-a3d6-4764-a810-ca54e64e7e93\u0012$c2376ab6-d3d4-43b9-9b6d-a44fe1c072f2\u001a$c2376ab6-d3d4-43b9-9b6d-a44fe1c072f2 \u0006"}
{"level":"INFO","timestamp":"2026-04-27T01:10:36.299+0500","caller":"sarama@v1.48.0/consumer_group.go:969","message":"message received","member_id":"sarama-32be6747-b731-4ac4-9ddc-aba28aef791b","key":"27f223be-f0c8-44fe-bc9b-976884c8cfee","partition":0,"offset":8}
{"level":"INFO","timestamp":"2026-04-27T01:10:36.299+0500","caller":"consumer/groupHandler.go:66","message":"Kafka msg received","topic":"order.paid"}
{"level":"INFO","timestamp":"2026-04-27T01:10:36.299+0500","caller":"order_consumer/handler.go:21","message":"Processing message","topic":"order.paid","partition":0,"offset":8,"order_uuid":"27f223be-f0c8-44fe-bc9b-976884c8cfee","event_uuid":"ae691923-f04c-4dc9-ae82-0781eb0de657","payment_method":"investor-money","transaction_uuid":"a50cbe6f-c127-4db1-88f7-3682b27a8980","key":"27f223be-f0c8-44fe-bc9b-976884c8cfee"}
{"level":"INFO","timestamp":"2026-04-27T01:10:41.302+0500","caller":"order_producer/producer.go:27","message":"Message sent","topic":"order.assembled","partition":0,"offset":26,"key":"ae691923-f04c-4dc9-ae82-0781eb0de657","value":"\n$ae691923-f04c-4dc9-ae82-0781eb0de657\u0012$27f223be-f0c8-44fe-bc9b-976884c8cfee\u001a$27f223be-f0c8-44fe-bc9b-976884c8cfee \u0005"}
{"level":"INFO","timestamp":"2026-04-27T01:11:07.753+0500","caller":"payment/payment.go:15","message":"payment succeeded","transaction_uuid":"0db2fcab-a0e8-4e41-afef-7f051f8e4971","order_uuid":"d6a3bc05-8da5-4aab-b82d-71c58fff9a2a","user_uuid":"d6a3bc05-8da5-4aab-b82d-71c58fff9a2a","payment_method":4}
{"level":"INFO","timestamp":"2026-04-27T01:11:07.760+0500","caller":"order_producer/producer.go:28","message":"Message sent","topic":"order.paid","partition":0,"offset":9,"key":"d6a3bc05-8da5-4aab-b82d-71c58fff9a2a","value":"\n$fe52f662-c44d-4c78-9efa-2bf0bd2f3ac3\u0012$d6a3bc05-8da5-4aab-b82d-71c58fff9a2a\u001a$d6a3bc05-8da5-4aab-b82d-71c58fff9a2a\"\u000einvestor-money*$0db2fcab-a0e8-4e41-afef-7f051f8e4971"}
{"level":"INFO","timestamp":"2026-04-27T01:11:07.760+0500","caller":"sarama@v1.48.0/consumer_group.go:969","message":"message received","member_id":"sarama-32be6747-b731-4ac4-9ddc-aba28aef791b","key":"d6a3bc05-8da5-4aab-b82d-71c58fff9a2a","partition":0,"offset":9}
{"level":"INFO","timestamp":"2026-04-27T01:11:07.760+0500","caller":"consumer/groupHandler.go:66","message":"Kafka msg received","topic":"order.paid"}
{"level":"INFO","timestamp":"2026-04-27T01:11:07.761+0500","caller":"order_consumer/handler.go:21","message":"Processing message","topic":"order.paid","partition":0,"offset":9,"order_uuid":"d6a3bc05-8da5-4aab-b82d-71c58fff9a2a","event_uuid":"fe52f662-c44d-4c78-9efa-2bf0bd2f3ac3","payment_method":"investor-money","transaction_uuid":"0db2fcab-a0e8-4e41-afef-7f051f8e4971","key":"d6a3bc05-8da5-4aab-b82d-71c58fff9a2a"}
{"level":"INFO","timestamp":"2026-04-27T01:11:12.765+0500","caller":"order_producer/producer.go:27","message":"Message sent","topic":"order.assembled","partition":0,"offset":27,"key":"fe52f662-c44d-4c78-9efa-2bf0bd2f3ac3","value":"\n$fe52f662-c44d-4c78-9efa-2bf0bd2f3ac3\u0012$d6a3bc05-8da5-4aab-b82d-71c58fff9a2a\u001a$d6a3bc05-8da5-4aab-b82d-71c58fff9a2a \u0005"}
{"level":"INFO","timestamp":"2026-04-27T01:13:59.189+0500","caller":"runtime/asm_amd64.s:1693","message":"🛑 Получен системный сигнал, начинаем graceful shutdown..."}
{"level":"INFO","timestamp":"2026-04-27T01:13:59.189+0500","caller":"sync/once.go:78","message":"🚦 Начинаем процесс graceful shutdown..."}
{"level":"INFO","timestamp":"2026-04-27T01:13:59.189+0500","caller":"app/app.go:34","message":"Shutdown signal received"}
{"level":"INFO","timestamp":"2026-04-27T01:13:59.189+0500","caller":"sarama@v1.48.0/consumer_group.go:969","message":"Kafka session context done"}
{"level":"INFO","timestamp":"2026-04-27T01:13:59.189+0500","caller":"closer/closer.go:171","message":"🧩 Закрываем Kafka sync producer..."}
{"level":"INFO","timestamp":"2026-04-27T01:13:59.190+0500","caller":"closer/closer.go:171","message":"🧩 Закрываем Kafka consumer group..."}
{"level":"INFO","timestamp":"2026-04-27T01:13:59.190+0500","caller":"closer/closer.go:171","message":"✅ Kafka sync producer успешно закрыт за 374.476µs"}
{"level":"ERROR","timestamp":"2026-04-27T01:13:59.423+0500","caller":"order_consumer/consumer.go:35","message":"Failed to start order consumer service","error":"context canceled"}
{"level":"INFO","timestamp":"2026-04-27T01:13:59.425+0500","caller":"closer/closer.go:171","message":"✅ Kafka consumer group успешно закрыт за 235.718924ms"}
{"level":"INFO","timestamp":"2026-04-27T01:13:59.425+0500","caller":"sync/once.go:78","message":"✅ Все ресурсы успешно закрыты"}
{"level":"INFO","timestamp":"2026-04-27T01:13:59.925+0500","caller":"sarama@v1.48.0/consumer_group.go:969","message":"Kafka session context done"}
{"level":"INFO","timestamp":"2026-04-27T01:14:00.427+0500","caller":"order_consumer/consumer.go:33","message":"Kafka consumer group rebalancing..."}
{"level":"INFO","timestamp":"2026-04-27T01:14:00.439+0500","caller":"sarama@v1.48.0/consumer_group.go:869","message":"New session","member_id":"sarama-ad16234a-f968-42c7-8625-3bbeabc0aeed","claims":{"order.paid":[0,1]}}
{"level":"INFO","timestamp":"2026-04-27T01:14:07.953+0500","caller":"app/app.go:89","message":"🚀 Order Kafka consumer running"}
{"level":"INFO","timestamp":"2026-04-27T01:14:07.958+0500","caller":"order_consumer/consumer.go:31","message":"Starting order consumer service"}
{"level":"INFO","timestamp":"2026-04-27T01:14:09.583+0500","caller":"sarama@v1.48.0/consumer_group.go:969","message":"Kafka session context done"}
{"level":"INFO","timestamp":"2026-04-27T01:14:09.583+0500","caller":"sarama@v1.48.0/consumer_group.go:969","message":"Kafka session context done"}
{"level":"INFO","timestamp":"2026-04-27T01:14:09.844+0500","caller":"app/app.go:34","message":"Shutdown signal received"}
{"level":"INFO","timestamp":"2026-04-27T01:14:09.845+0500","caller":"sync/once.go:78","message":"🚦 Начинаем процесс graceful shutdown..."}
{"level":"INFO","timestamp":"2026-04-27T01:14:09.844+0500","caller":"runtime/asm_amd64.s:1693","message":"🛑 Получен системный сигнал, начинаем graceful shutdown..."}
{"level":"INFO","timestamp":"2026-04-27T01:14:09.845+0500","caller":"closer/closer.go:171","message":"🧩 Закрываем Kafka sync producer..."}
{"level":"INFO","timestamp":"2026-04-27T01:14:09.845+0500","caller":"closer/closer.go:171","message":"🧩 Закрываем Kafka consumer group..."}
{"level":"INFO","timestamp":"2026-04-27T01:14:09.846+0500","caller":"closer/closer.go:171","message":"✅ Kafka sync producer успешно закрыт за 336.191µs"}
{"level":"ERROR","timestamp":"2026-04-27T01:14:10.084+0500","caller":"order_consumer/consumer.go:35","message":"Failed to start order consumer service","error":"context canceled"}
{"level":"INFO","timestamp":"2026-04-27T01:14:10.086+0500","caller":"closer/closer.go:171","message":"✅ Kafka consumer group успешно закрыт за 240.791435ms"}
{"level":"INFO","timestamp":"2026-04-27T01:14:10.086+0500","caller":"sync/once.go:78","message":"✅ Все ресурсы успешно закрыты"}
{"level":"INFO","timestamp":"2026-04-27T01:14:10.100+0500","caller":"sarama@v1.48.0/consumer_group.go:869","message":"New session","member_id":"sarama-0918ee1a-b052-493d-941b-949cdaceb554","claims":{"order.paid":[0,1]}}
{"level":"INFO","timestamp":"2026-04-27T01:14:12.312+0500","caller":"app/app.go:89","message":"🚀 Order Kafka consumer running"}
{"level":"INFO","timestamp":"2026-04-27T01:14:12.316+0500","caller":"order_consumer/consumer.go:31","message":"Starting order consumer service"}
{"level":"INFO","timestamp":"2026-04-27T01:14:13.213+0500","caller":"sarama@v1.48.0/consumer_group.go:969","message":"Kafka session context done"}
{"level":"INFO","timestamp":"2026-04-27T01:14:13.213+0500","caller":"sarama@v1.48.0/consumer_group.go:969","message":"Kafka session context done"}
{"level":"INFO","timestamp":"2026-04-27T01:14:13.715+0500","caller":"order_consumer/consumer.go:33","message":"Kafka consumer group rebalancing..."}
{"level":"INFO","timestamp":"2026-04-27T01:14:13.722+0500","caller":"sarama@v1.48.0/consumer_group.go:869","message":"New session","member_id":"sarama-0918ee1a-b052-493d-941b-949cdaceb554","claims":{"order.paid":[0]}}
{"level":"INFO","timestamp":"2026-04-27T01:14:13.722+0500","caller":"sarama@v1.48.0/consumer_group.go:869","message":"New session","member_id":"sarama-fc82a534-e575-47a5-9af1-3f2e78bea81f","claims":{"order.paid":[1]}}
{"level":"INFO","timestamp":"2026-04-27T01:14:23.792+0500","caller":"payment/payment.go:15","message":"payment succeeded","transaction_uuid":"6bee222d-8204-451f-a712-61a98ae73874","order_uuid":"d6a3bc05-8da5-4aab-b82d-71c58fff9a2a","user_uuid":"d6a3bc05-8da5-4aab-b82d-71c58fff9a2a","payment_method":4}
{"level":"INFO","timestamp":"2026-04-27T01:14:23.796+0500","caller":"order_producer/producer.go:28","message":"Message sent","topic":"order.paid","partition":0,"offset":10,"key":"d6a3bc05-8da5-4aab-b82d-71c58fff9a2a","value":"\n$159f1a83-3280-4b67-8ab5-62787f494ab7\u0012$d6a3bc05-8da5-4aab-b82d-71c58fff9a2a\u001a$d6a3bc05-8da5-4aab-b82d-71c58fff9a2a\"\u000einvestor-money*$6bee222d-8204-451f-a712-61a98ae73874"}
{"level":"INFO","timestamp":"2026-04-27T01:14:23.796+0500","caller":"sarama@v1.48.0/consumer_group.go:969","message":"message received","member_id":"sarama-0918ee1a-b052-493d-941b-949cdaceb554","key":"d6a3bc05-8da5-4aab-b82d-71c58fff9a2a","partition":0,"offset":10}
{"level":"INFO","timestamp":"2026-04-27T01:14:23.797+0500","caller":"consumer/groupHandler.go:66","message":"Kafka msg received","topic":"order.paid"}
{"level":"INFO","timestamp":"2026-04-27T01:14:23.797+0500","caller":"order_consumer/handler.go:21","message":"Processing message","topic":"order.paid","partition":0,"offset":10,"order_uuid":"d6a3bc05-8da5-4aab-b82d-71c58fff9a2a","event_uuid":"159f1a83-3280-4b67-8ab5-62787f494ab7","payment_method":"investor-money","transaction_uuid":"6bee222d-8204-451f-a712-61a98ae73874","key":"d6a3bc05-8da5-4aab-b82d-71c58fff9a2a"}
{"level":"INFO","timestamp":"2026-04-27T01:14:31.804+0500","caller":"order_producer/producer.go:27","message":"Message sent","topic":"order.assembled","partition":0,"offset":28,"key":"159f1a83-3280-4b67-8ab5-62787f494ab7","value":"\n$159f1a83-3280-4b67-8ab5-62787f494ab7\u0012$d6a3bc05-8da5-4aab-b82d-71c58fff9a2a\u001a$d6a3bc05-8da5-4aab-b82d-71c58fff9a2a \u0008"}
{"level":"INFO","timestamp":"2026-04-27T01:14:40.267+0500","caller":"payment/payment.go:15","message":"payment succeeded","transaction_uuid":"15a8affd-71ca-472c-aef1-e82a128bce3d","order_uuid":"c2376ab6-d3d4-43b9-9b6d-a44fe1c072f2","user_uuid":"c2376ab6-d3d4-43b9-9b6d-a44fe1c072f2","payment_method":4}
{"level":"INFO","timestamp":"2026-04-27T01:14:40.274+0500","caller":"order_producer/producer.go:28","message":"Message sent","topic":"order.paid","partition":0,"offset":11,"key":"c2376ab6-d3d4-43b9-9b6d-a44fe1c072f2","value":"\n$9c756b5a-11d5-474d-979b-4cd3187b31cb\u0012$c2376ab6-d3d4-43b9-9b6d-a44fe1c072f2\u001a$c2376ab6-d3d4-43b9-9b6d-a44fe1c072f2\"\u000einvestor-money*$15a8affd-71ca-472c-aef1-e82a128bce3d"}
{"level":"INFO","timestamp":"2026-04-27T01:14:40.275+0500","caller":"sarama@v1.48.0/consumer_group.go:969","message":"message received","member_id":"sarama-0918ee1a-b052-493d-941b-949cdaceb554","key":"c2376ab6-d3d4-43b9-9b6d-a44fe1c072f2","partition":0,"offset":11}
{"level":"INFO","timestamp":"2026-04-27T01:14:40.275+0500","caller":"consumer/groupHandler.go:66","message":"Kafka msg received","topic":"order.paid"}
{"level":"INFO","timestamp":"2026-04-27T01:14:40.275+0500","caller":"order_consumer/handler.go:21","message":"Processing message","topic":"order.paid","partition":0,"offset":11,"order_uuid":"c2376ab6-d3d4-43b9-9b6d-a44fe1c072f2","event_uuid":"9c756b5a-11d5-474d-979b-4cd3187b31cb","payment_method":"investor-money","transaction_uuid":"15a8affd-71ca-472c-aef1-e82a128bce3d","key":"c2376ab6-d3d4-43b9-9b6d-a44fe1c072f2"}
{"level":"INFO","timestamp":"2026-04-27T01:14:50.278+0500","caller":"order_producer/producer.go:27","message":"Message sent","topic":"order.assembled","partition":0,"offset":29,"key":"9c756b5a-11d5-474d-979b-4cd3187b31cb","value":"\n$9c756b5a-11d5-474d-979b-4cd3187b31cb\u0012$c2376ab6-d3d4-43b9-9b6d-a44fe1c072f2\u001a$c2376ab6-d3d4-43b9-9b6d-a44fe1c072f2 \n"}
{"level":"INFO","timestamp":"2026-04-27T01:17:40.397+0500","caller":"payment/payment.go:15","message":"payment succeeded","transaction_uuid":"b4a80f06-fb60-4aa8-b438-c72dcf404797","order_uuid":"27f223be-f0c8-44fe-bc9b-976884c8cfee","user_uuid":"27f223be-f0c8-44fe-bc9b-976884c8cfee","payment_method":4}
{"level":"INFO","timestamp":"2026-04-27T01:17:40.404+0500","caller":"order_producer/producer.go:28","message":"Message sent","topic":"order.paid","partition":0,"offset":12,"key":"27f223be-f0c8-44fe-bc9b-976884c8cfee","value":"\n$98e62964-23c9-4876-9980-7088f5dea15b\u0012$27f223be-f0c8-44fe-bc9b-976884c8cfee\u001a$27f223be-f0c8-44fe-bc9b-976884c8cfee\"\u000einvestor-money*$b4a80f06-fb60-4aa8-b438-c72dcf404797"}
{"level":"INFO","timestamp":"2026-04-27T01:17:40.405+0500","caller":"sarama@v1.48.0/consumer_group.go:969","message":"message received","member_id":"sarama-0918ee1a-b052-493d-941b-949cdaceb554","key":"27f223be-f0c8-44fe-bc9b-976884c8cfee","partition":0,"offset":12}
{"level":"INFO","timestamp":"2026-04-27T01:17:40.405+0500","caller":"consumer/groupHandler.go:66","message":"Kafka msg received","topic":"order.paid"}
{"level":"INFO","timestamp":"2026-04-27T01:17:40.406+0500","caller":"order_consumer/handler.go:21","message":"Processing message","topic":"order.paid","partition":0,"offset":12,"order_uuid":"27f223be-f0c8-44fe-bc9b-976884c8cfee","event_uuid":"98e62964-23c9-4876-9980-7088f5dea15b","payment_method":"investor-money","transaction_uuid":"b4a80f06-fb60-4aa8-b438-c72dcf404797","key":"27f223be-f0c8-44fe-bc9b-976884c8cfee"}
{"level":"INFO","timestamp":"2026-04-27T01:17:46.410+0500","caller":"order_producer/producer.go:27","message":"Message sent","topic":"order.assembled","partition":0,"offset":0,"key":"98e62964-23c9-4876-9980-7088f5dea15b","value":"\n$98e62964-23c9-4876-9980-7088f5dea15b\u0012$27f223be-f0c8-44fe-bc9b-976884c8cfee\u001a$27f223be-f0c8-44fe-bc9b-976884c8cfee \u0006"}
{"level":"INFO","timestamp":"2026-04-27T01:22:02.338+0500","caller":"sarama@v1.48.0/consumer_group.go:969","message":"Kafka session context done"}
{"level":"INFO","timestamp":"2026-04-27T01:22:02.338+0500","caller":"runtime/asm_amd64.s:1693","message":"🛑 Получен системный сигнал, начинаем graceful shutdown..."}
{"level":"INFO","timestamp":"2026-04-27T01:22:02.338+0500","caller":"sync/once.go:78","message":"🚦 Начинаем процесс graceful shutdown..."}
{"level":"INFO","timestamp":"2026-04-27T01:22:02.338+0500","caller":"closer/closer.go:171","message":"🧩 Закрываем Kafka consumer group..."}
{"level":"INFO","timestamp":"2026-04-27T01:22:02.338+0500","caller":"closer/closer.go:171","message":"🧩 Закрываем Kafka sync producer..."}
{"level":"INFO","timestamp":"2026-04-27T01:22:02.339+0500","caller":"closer/closer.go:171","message":"✅ Kafka sync producer успешно закрыт за 260.577µs"}
{"level":"ERROR","timestamp":"2026-04-27T01:22:02.415+0500","caller":"order_consumer/consumer.go:35","message":"Failed to start order consumer service","error":"context canceled"}
{"level":"ERROR","timestamp":"2026-04-27T01:22:02.415+0500","caller":"cmd/main.go:38","message":"❌ Ошибка при работе приложения","error":"context canceled"}
{"level":"INFO","timestamp":"2026-04-27T01:22:02.417+0500","caller":"closer/closer.go:171","message":"✅ Kafka consumer group успешно закрыт за 78.555176ms"}
{"level":"INFO","timestamp":"2026-04-27T01:22:02.417+0500","caller":"sync/once.go:78","message":"✅ Все ресурсы успешно закрыты"}
{"level":"INFO","timestamp":"2026-04-27T01:22:02.670+0500","caller":"sarama@v1.48.0/consumer_group.go:969","message":"Kafka session context done"}
{"level":"INFO","timestamp":"2026-04-27T01:22:03.172+0500","caller":"order_consumer/consumer.go:33","message":"Kafka consumer group rebalancing..."}
{"level":"INFO","timestamp":"2026-04-27T01:22:03.180+0500","caller":"sarama@v1.48.0/consumer_group.go:869","message":"New session","member_id":"sarama-fc82a534-e575-47a5-9af1-3f2e78bea81f","claims":{"order.paid":[0,1]}}
{"level":"INFO","timestamp":"2026-04-27T01:22:06.113+0500","caller":"runtime/asm_amd64.s:1693","message":"🛑 Получен системный сигнал, начинаем graceful shutdown..."}
{"level":"INFO","timestamp":"2026-04-27T01:22:06.114+0500","caller":"sarama@v1.48.0/consumer_group.go:969","message":"Kafka session context done"}
{"level":"INFO","timestamp":"2026-04-27T01:22:06.114+0500","caller":"sarama@v1.48.0/consumer_group.go:969","message":"Kafka session context done"}
{"level":"INFO","timestamp":"2026-04-27T01:22:06.114+0500","caller":"sync/once.go:78","message":"🚦 Начинаем процесс graceful shutdown..."}
{"level":"INFO","timestamp":"2026-04-27T01:22:06.114+0500","caller":"closer/closer.go:171","message":"🧩 Закрываем Kafka consumer group..."}
{"level":"INFO","timestamp":"2026-04-27T01:22:06.114+0500","caller":"closer/closer.go:171","message":"🧩 Закрываем Kafka sync producer..."}
{"level":"INFO","timestamp":"2026-04-27T01:22:06.114+0500","caller":"closer/closer.go:171","message":"✅ Kafka sync producer успешно закрыт за 155.413µs"}
{"level":"ERROR","timestamp":"2026-04-27T01:22:06.296+0500","caller":"order_consumer/consumer.go:35","message":"Failed to start order consumer service","error":"context canceled"}
{"level":"ERROR","timestamp":"2026-04-27T01:22:06.296+0500","caller":"cmd/main.go:38","message":"❌ Ошибка при работе приложения","error":"context canceled"}
{"level":"INFO","timestamp":"2026-04-27T01:22:06.299+0500","caller":"closer/closer.go:171","message":"✅ Kafka consumer group успешно закрыт за 184.703368ms"}
{"level":"INFO","timestamp":"2026-04-27T01:22:06.299+0500","caller":"sync/once.go:78","message":"✅ Все ресурсы успешно закрыты"}
{"level":"INFO","timestamp":"2026-04-27T01:22:13.160+0500","caller":"app/app.go:89","message":"🚀 Order Kafka consumer running"}
{"level":"INFO","timestamp":"2026-04-27T01:22:13.166+0500","caller":"order_consumer/consumer.go:31","message":"Starting order consumer service"}
{"level":"INFO","timestamp":"2026-04-27T01:22:13.176+0500","caller":"sarama@v1.48.0/consumer_group.go:869","message":"New session","member_id":"sarama-caee799d-b6a1-4c15-a795-258eaa385a50","claims":{"order.paid":[0,1]}}
{"level":"INFO","timestamp":"2026-04-27T01:22:14.590+0500","caller":"app/app.go:89","message":"🚀 Order Kafka consumer running"}
{"level":"INFO","timestamp":"2026-04-27T01:22:14.597+0500","caller":"order_consumer/consumer.go:31","message":"Starting order consumer service"}
{"level":"INFO","timestamp":"2026-04-27T01:22:16.294+0500","caller":"sarama@v1.48.0/consumer_group.go:969","message":"Kafka session context done"}
{"level":"INFO","timestamp":"2026-04-27T01:22:16.294+0500","caller":"sarama@v1.48.0/consumer_group.go:969","message":"Kafka session context done"}
{"level":"INFO","timestamp":"2026-04-27T01:22:16.795+0500","caller":"order_consumer/consumer.go:33","message":"Kafka consumer group rebalancing..."}
{"level":"INFO","timestamp":"2026-04-27T01:22:16.800+0500","caller":"sarama@v1.48.0/consumer_group.go:869","message":"New session","member_id":"sarama-caee799d-b6a1-4c15-a795-258eaa385a50","claims":{"order.paid":[1]}}
{"level":"INFO","timestamp":"2026-04-27T01:22:16.800+0500","caller":"sarama@v1.48.0/consumer_group.go:869","message":"New session","member_id":"sarama-7c1dece9-35d4-4b4a-9ace-6ce28274f01a","claims":{"order.paid":[0]}}
{"level":"INFO","timestamp":"2026-04-27T01:22:28.084+0500","caller":"payment/payment.go:15","message":"payment succeeded","transaction_uuid":"0b39690f-a21d-448b-964b-792120bdaecf","order_uuid":"27f223be-f0c8-44fe-bc9b-976884c8cfee","user_uuid":"27f223be-f0c8-44fe-bc9b-976884c8cfee","payment_method":4}
{"level":"INFO","timestamp":"2026-04-27T01:22:28.090+0500","caller":"order_producer/producer.go:28","message":"Message sent","topic":"order.paid","partition":0,"offset":13,"key":"27f223be-f0c8-44fe-bc9b-976884c8cfee","value":"\n$59d35f8b-cc1a-4587-8463-62c0501fe7cf\u0012$27f223be-f0c8-44fe-bc9b-976884c8cfee\u001a$27f223be-f0c8-44fe-bc9b-976884c8cfee\"\u000einvestor-money*$0b39690f-a21d-448b-964b-792120bdaecf"}
{"level":"INFO","timestamp":"2026-04-27T01:22:28.091+0500","caller":"sarama@v1.48.0/consumer_group.go:969","message":"message received","member_id":"sarama-7c1dece9-35d4-4b4a-9ace-6ce28274f01a","key":"27f223be-f0c8-44fe-bc9b-976884c8cfee","partition":0,"offset":13}
{"level":"INFO","timestamp":"2026-04-27T01:22:28.091+0500","caller":"consumer/groupHandler.go:66","message":"Kafka msg received","topic":"order.paid"}
{"level":"INFO","timestamp":"2026-04-27T01:22:28.091+0500","caller":"order_consumer/handler.go:15","message":"handler start"}
{"level":"INFO","timestamp":"2026-04-27T01:22:28.092+0500","caller":"order_consumer/handler.go:23","message":"Processing message","topic":"order.paid","partition":0,"offset":13,"order_uuid":"27f223be-f0c8-44fe-bc9b-976884c8cfee","event_uuid":"59d35f8b-cc1a-4587-8463-62c0501fe7cf","payment_method":"investor-money","transaction_uuid":"0b39690f-a21d-448b-964b-792120bdaecf","key":"27f223be-f0c8-44fe-bc9b-976884c8cfee"}
{"level":"INFO","timestamp":"2026-04-27T01:22:31.481+0500","caller":"payment/payment.go:15","message":"payment succeeded","transaction_uuid":"2a811e2f-b28b-440c-b07a-93fded9153f2","order_uuid":"c2376ab6-d3d4-43b9-9b6d-a44fe1c072f2","user_uuid":"c2376ab6-d3d4-43b9-9b6d-a44fe1c072f2","payment_method":4}
{"level":"INFO","timestamp":"2026-04-27T01:22:31.496+0500","caller":"order_producer/producer.go:28","message":"Message sent","topic":"order.paid","partition":0,"offset":14,"key":"c2376ab6-d3d4-43b9-9b6d-a44fe1c072f2","value":"\n$06744f42-1f92-4beb-94da-35232d234795\u0012$c2376ab6-d3d4-43b9-9b6d-a44fe1c072f2\u001a$c2376ab6-d3d4-43b9-9b6d-a44fe1c072f2\"\u000einvestor-money*$2a811e2f-b28b-440c-b07a-93fded9153f2"}
{"level":"INFO","timestamp":"2026-04-27T01:22:32.100+0500","caller":"order_producer/producer.go:27","message":"Message sent","topic":"order.assembled","partition":0,"offset":1,"key":"59d35f8b-cc1a-4587-8463-62c0501fe7cf","value":"\n$59d35f8b-cc1a-4587-8463-62c0501fe7cf\u0012$27f223be-f0c8-44fe-bc9b-976884c8cfee\u001a$27f223be-f0c8-44fe-bc9b-976884c8cfee \u0004"}
{"level":"INFO","timestamp":"2026-04-27T01:22:32.101+0500","caller":"order_consumer/handler.go:57","message":"handler end"}
{"level":"INFO","timestamp":"2026-04-27T01:22:32.101+0500","caller":"sarama@v1.48.0/consumer_group.go:969","message":"message received","member_id":"sarama-7c1dece9-35d4-4b4a-9ace-6ce28274f01a","key":"c2376ab6-d3d4-43b9-9b6d-a44fe1c072f2","partition":0,"offset":14}
{"level":"INFO","timestamp":"2026-04-27T01:22:32.101+0500","caller":"consumer/groupHandler.go:66","message":"Kafka msg received","topic":"order.paid"}
{"level":"INFO","timestamp":"2026-04-27T01:22:32.101+0500","caller":"order_consumer/handler.go:15","message":"handler start"}
{"level":"INFO","timestamp":"2026-04-27T01:22:32.101+0500","caller":"order_consumer/handler.go:23","message":"Processing message","topic":"order.paid","partition":0,"offset":14,"order_uuid":"c2376ab6-d3d4-43b9-9b6d-a44fe1c072f2","event_uuid":"06744f42-1f92-4beb-94da-35232d234795","payment_method":"investor-money","transaction_uuid":"2a811e2f-b28b-440c-b07a-93fded9153f2","key":"c2376ab6-d3d4-43b9-9b6d-a44fe1c072f2"}
{"level":"INFO","timestamp":"2026-04-27T01:22:36.106+0500","caller":"order_producer/producer.go:27","message":"Message sent","topic":"order.assembled","partition":0,"offset":2,"key":"06744f42-1f92-4beb-94da-35232d234795","value":"\n$06744f42-1f92-4beb-94da-35232d234795\u0012$c2376ab6-d3d4-43b9-9b6d-a44fe1c072f2\u001a$c2376ab6-d3d4-43b9-9b6d-a44fe1c072f2 \u0004"}
{"level":"INFO","timestamp":"2026-04-27T01:22:36.106+0500","caller":"order_consumer/handler.go:57","message":"handler end"}
{"level":"INFO","timestamp":"2026-04-27T01:22:54.801+0500","caller":"payment/payment.go:15","message":"payment succeeded","transaction_uuid":"18b8dfc6-48a5-4552-ba2b-aa60630e7542","order_uuid":"d6a3bc05-8da5-4aab-b82d-71c58fff9a2a","user_uuid":"d6a3bc05-8da5-4aab-b82d-71c58fff9a2a","payment_method":4}
{"level":"INFO","timestamp":"2026-04-27T01:22:54.816+0500","caller":"order_producer/producer.go:28","message":"Message sent","topic":"order.paid","partition":0,"offset":15,"key":"d6a3bc05-8da5-4aab-b82d-71c58fff9a2a","value":"\n$787d805c-a2bc-4cc5-abfb-68ce9b8f4f17\u0012$d6a3bc05-8da5-4aab-b82d-71c58fff9a2a\u001a$d6a3bc05-8da5-4aab-b82d-71c58fff9a2a\"\u000einvestor-money*$18b8dfc6-48a5-4552-ba2b-aa60630e7542"}
{"level":"INFO","timestamp":"2026-04-27T01:22:54.818+0500","caller":"sarama@v1.48.0/consumer_group.go:969","message":"message received","member_id":"sarama-7c1dece9-35d4-4b4a-9ace-6ce28274f01a","key":"d6a3bc05-8da5-4aab-b82d-71c58fff9a2a","partition":0,"offset":15}
{"level":"INFO","timestamp":"2026-04-27T01:22:54.818+0500","caller":"consumer/groupHandler.go:66","message":"Kafka msg received","topic":"order.paid"}
{"level":"INFO","timestamp":"2026-04-27T01:22:54.818+0500","caller":"order_consumer/handler.go:15","message":"handler start"}
{"level":"INFO","timestamp":"2026-04-27T01:22:54.818+0500","caller":"order_consumer/handler.go:23","message":"Processing message","topic":"order.paid","partition":0,"offset":15,"order_uuid":"d6a3bc05-8da5-4aab-b82d-71c58fff9a2a","event_uuid":"787d805c-a2bc-4cc5-abfb-68ce9b8f4f17","payment_method":"investor-money","transaction_uuid":"18b8dfc6-48a5-4552-ba2b-aa60630e7542","key":"d6a3bc05-8da5-4aab-b82d-71c58fff9a2a"}
{"level":"INFO","timestamp":"2026-04-27T01:22:56.821+0500","caller":"order_producer/producer.go:27","message":"Message sent","topic":"order.assembled","partition":0,"offset":3,"key":"787d805c-a2bc-4cc5-abfb-68ce9b8f4f17","value":"\n$787d805c-a2bc-4cc5-abfb-68ce9b8f4f17\u0012$d6a3bc05-8da5-4aab-b82d-71c58fff9a2a\u001a$d6a3bc05-8da5-4aab-b82d-71c58fff9a2a \u0002"}
{"level":"INFO","timestamp":"2026-04-27T01:22:56.821+0500","caller":"order_consumer/handler.go:57","message":"handler end"}
{"level":"INFO","timestamp":"2026-04-27T01:25:00.678+0500","caller":"runtime/asm_amd64.s:1693","message":"🛑 Получен системный сигнал, начинаем graceful shutdown..."}
{"level":"INFO","timestamp":"2026-04-27T01:25:00.678+0500","caller":"sync/once.go:78","message":"🚦 Начинаем процесс graceful shutdown..."}
{"level":"INFO","timestamp":"2026-04-27T01:25:00.678+0500","caller":"sarama@v1.48.0/consumer_group.go:969","message":"Kafka session context done"}
{"level":"INFO","timestamp":"2026-04-27T01:25:00.678+0500","caller":"closer/closer.go:171","message":"🧩 Закрываем Kafka consumer group..."}
{"level":"INFO","timestamp":"2026-04-27T01:25:00.678+0500","caller":"closer/closer.go:171","message":"🧩 Закрываем Kafka sync producer..."}
{"level":"INFO","timestamp":"2026-04-27T01:25:00.678+0500","caller":"closer/closer.go:171","message":"✅ Kafka sync producer успешно закрыт за 112.643µs"}
{"level":"ERROR","timestamp":"2026-04-27T01:25:01.006+0500","caller":"order_consumer/consumer.go:35","message":"Failed to start order consumer service","error":"context canceled"}
{"level":"ERROR","timestamp":"2026-04-27T01:25:01.006+0500","caller":"cmd/main.go:38","message":"❌ Ошибка при работе приложения","error":"context canceled"}
{"level":"INFO","timestamp":"2026-04-27T01:25:01.007+0500","caller":"closer/closer.go:171","message":"✅ Kafka consumer group успешно закрыт за 329.264107ms"}
{"level":"INFO","timestamp":"2026-04-27T01:25:01.007+0500","caller":"sync/once.go:78","message":"✅ Все ресурсы успешно закрыты"}
{"level":"INFO","timestamp":"2026-04-27T01:25:02.762+0500","caller":"sarama@v1.48.0/consumer_group.go:969","message":"Kafka session context done"}
{"level":"INFO","timestamp":"2026-04-27T01:25:03.263+0500","caller":"order_consumer/consumer.go:33","message":"Kafka consumer group rebalancing..."}
{"level":"INFO","timestamp":"2026-04-27T01:25:03.273+0500","caller":"sarama@v1.48.0/consumer_group.go:869","message":"New session","member_id":"sarama-7c1dece9-35d4-4b4a-9ace-6ce28274f01a","claims":{"order.paid":[0,1]}}
{"level":"INFO","timestamp":"2026-04-27T01:25:05.848+0500","caller":"runtime/asm_amd64.s:1693","message":"🛑 Получен системный сигнал, начинаем graceful shutdown..."}
{"level":"INFO","timestamp":"2026-04-27T01:25:05.849+0500","caller":"sync/once.go:78","message":"🚦 Начинаем процесс graceful shutdown..."}
{"level":"INFO","timestamp":"2026-04-27T01:25:05.849+0500","caller":"closer/closer.go:171","message":"🧩 Закрываем Kafka consumer group..."}
{"level":"INFO","timestamp":"2026-04-27T01:25:05.848+0500","caller":"sarama@v1.48.0/consumer_group.go:969","message":"Kafka session context done"}
{"level":"INFO","timestamp":"2026-04-27T01:25:05.848+0500","caller":"sarama@v1.48.0/consumer_group.go:969","message":"Kafka session context done"}
{"level":"INFO","timestamp":"2026-04-27T01:25:05.849+0500","caller":"closer/closer.go:171","message":"🧩 Закрываем Kafka sync producer..."}
{"level":"INFO","timestamp":"2026-04-27T01:25:05.849+0500","caller":"closer/closer.go:171","message":"✅ Kafka sync producer успешно закрыт за 418.533µs"}
{"level":"ERROR","timestamp":"2026-04-27T01:25:05.885+0500","caller":"order_consumer/consumer.go:35","message":"Failed to start order consumer service","error":"context canceled"}
{"level":"ERROR","timestamp":"2026-04-27T01:25:05.886+0500","caller":"cmd/main.go:38","message":"❌ Ошибка при работе приложения","error":"context canceled"}
{"level":"INFO","timestamp":"2026-04-27T01:25:05.888+0500","caller":"closer/closer.go:171","message":"✅ Kafka consumer group успешно закрыт за 39.126999ms"}
{"level":"INFO","timestamp":"2026-04-27T01:25:05.889+0500","caller":"sync/once.go:78","message":"✅ Все ресурсы успешно закрыты"}
{"level":"INFO","timestamp":"2026-04-27T01:25:08.896+0500","caller":"app/app.go:94","message":"🚀 Order Kafka consumer running"}
{"level":"INFO","timestamp":"2026-04-27T01:25:08.900+0500","caller":"order_consumer/consumer.go:31","message":"Starting order consumer service"}
{"level":"INFO","timestamp":"2026-04-27T01:25:08.907+0500","caller":"sarama@v1.48.0/consumer_group.go:869","message":"New session","member_id":"sarama-f0d1a559-f383-4da9-8360-7d1e0ca5feb0","claims":{"order.paid":[0,1]}}
{"level":"INFO","timestamp":"2026-04-27T01:25:22.409+0500","caller":"runtime/asm_amd64.s:1693","message":"🛑 Получен системный сигнал, начинаем graceful shutdown..."}
{"level":"INFO","timestamp":"2026-04-27T01:25:22.409+0500","caller":"sarama@v1.48.0/consumer_group.go:969","message":"Kafka session context done"}
{"level":"INFO","timestamp":"2026-04-27T01:25:22.409+0500","caller":"sync/once.go:78","message":"🚦 Начинаем процесс graceful shutdown..."}
{"level":"INFO","timestamp":"2026-04-27T01:25:22.410+0500","caller":"closer/closer.go:171","message":"🧩 Закрываем Kafka sync producer..."}
{"level":"INFO","timestamp":"2026-04-27T01:25:22.410+0500","caller":"sarama@v1.48.0/consumer_group.go:969","message":"Kafka session context done"}
{"level":"INFO","timestamp":"2026-04-27T01:25:22.410+0500","caller":"closer/closer.go:171","message":"✅ Kafka sync producer успешно закрыт за 281.765µs"}
{"level":"INFO","timestamp":"2026-04-27T01:25:22.410+0500","caller":"closer/closer.go:171","message":"🧩 Закрываем Kafka consumer group..."}
{"level":"ERROR","timestamp":"2026-04-27T01:25:22.558+0500","caller":"order_consumer/consumer.go:35","message":"Failed to start order consumer service","error":"context canceled"}
{"level":"INFO","timestamp":"2026-04-27T01:25:22.558+0500","caller":"app/app.go:38","message":"Shutdown signal received"}
{"level":"INFO","timestamp":"2026-04-27T01:25:22.558+0500","caller":"app/app.go:94","message":"🚀 Order Kafka consumer running"}
{"level":"INFO","timestamp":"2026-04-27T01:25:22.558+0500","caller":"order_consumer/consumer.go:31","message":"Starting order consumer service"}
{"level":"INFO","timestamp":"2026-04-27T01:25:22.558+0500","caller":"order_consumer/consumer.go:39","message":"Order consumer service successfully started"}
{"level":"INFO","timestamp":"2026-04-27T01:25:22.561+0500","caller":"closer/closer.go:171","message":"✅ Kafka consumer group успешно закрыт за 150.873036ms"}
{"level":"INFO","timestamp":"2026-04-27T01:25:22.561+0500","caller":"sync/once.go:78","message":"✅ Все ресурсы успешно закрыты"}
{"level":"INFO","timestamp":"2026-04-27T01:25:24.095+0500","caller":"app/app.go:94","message":"🚀 Order Kafka consumer running"}
{"level":"INFO","timestamp":"2026-04-27T01:25:24.100+0500","caller":"order_consumer/consumer.go:31","message":"Starting order consumer service"}
{"level":"INFO","timestamp":"2026-04-27T01:25:24.108+0500","caller":"sarama@v1.48.0/consumer_group.go:869","message":"New session","member_id":"sarama-00529b69-11cd-4a23-94ae-5e065ff47636","claims":{"order.paid":[0,1]}}
{"level":"INFO","timestamp":"2026-04-27T01:25:29.401+0500","caller":"app/app.go:94","message":"🚀 Order Kafka consumer running"}
{"level":"INFO","timestamp":"2026-04-27T01:25:29.408+0500","caller":"order_consumer/consumer.go:31","message":"Starting order consumer service"}
{"level":"INFO","timestamp":"2026-04-27T01:25:30.235+0500","caller":"sarama@v1.48.0/consumer_group.go:969","message":"Kafka session context done"}
{"level":"INFO","timestamp":"2026-04-27T01:25:30.235+0500","caller":"sarama@v1.48.0/consumer_group.go:969","message":"Kafka session context done"}
{"level":"INFO","timestamp":"2026-04-27T01:25:30.736+0500","caller":"order_consumer/consumer.go:33","message":"Kafka consumer group rebalancing..."}
{"level":"INFO","timestamp":"2026-04-27T01:25:30.744+0500","caller":"sarama@v1.48.0/consumer_group.go:869","message":"New session","member_id":"sarama-00529b69-11cd-4a23-94ae-5e065ff47636","claims":{"order.paid":[0]}}
{"level":"INFO","timestamp":"2026-04-27T01:25:30.744+0500","caller":"sarama@v1.48.0/consumer_group.go:869","message":"New session","member_id":"sarama-4addc827-715c-455a-b466-8c6c59f868d0","claims":{"order.paid":[1]}}
{"level":"INFO","timestamp":"2026-04-27T01:25:37.571+0500","caller":"runtime/asm_amd64.s:1693","message":"🛑 Получен системный сигнал, начинаем graceful shutdown..."}
{"level":"INFO","timestamp":"2026-04-27T01:25:37.571+0500","caller":"sarama@v1.48.0/consumer_group.go:969","message":"Kafka session context done"}
{"level":"INFO","timestamp":"2026-04-27T01:25:37.571+0500","caller":"sync/once.go:78","message":"🚦 Начинаем процесс graceful shutdown..."}
{"level":"INFO","timestamp":"2026-04-27T01:25:37.571+0500","caller":"closer/closer.go:171","message":"🧩 Закрываем Kafka consumer group..."}
{"level":"INFO","timestamp":"2026-04-27T01:25:37.571+0500","caller":"closer/closer.go:171","message":"🧩 Закрываем Kafka sync producer..."}
{"level":"INFO","timestamp":"2026-04-27T01:25:37.572+0500","caller":"closer/closer.go:171","message":"✅ Kafka sync producer успешно закрыт за 253.028µs"}
{"level":"ERROR","timestamp":"2026-04-27T01:25:37.876+0500","caller":"order_consumer/consumer.go:35","message":"Failed to start order consumer service","error":"context canceled"}
{"level":"ERROR","timestamp":"2026-04-27T01:25:37.876+0500","caller":"cmd/main.go:38","message":"❌ Ошибка при работе приложения","error":"context canceled"}
{"level":"INFO","timestamp":"2026-04-27T01:25:37.887+0500","caller":"closer/closer.go:171","message":"✅ Kafka consumer group успешно закрыт за 315.55877ms"}
{"level":"INFO","timestamp":"2026-04-27T01:25:37.887+0500","caller":"sync/once.go:78","message":"✅ Все ресурсы успешно закрыты"}
{"level":"INFO","timestamp":"2026-04-27T01:25:39.258+0500","caller":"runtime/asm_amd64.s:1693","message":"🛑 Получен системный сигнал, начинаем graceful shutdown..."}
{"level":"INFO","timestamp":"2026-04-27T01:25:39.258+0500","caller":"sync/once.go:78","message":"🚦 Начинаем процесс graceful shutdown..."}
{"level":"INFO","timestamp":"2026-04-27T01:25:39.258+0500","caller":"sarama@v1.48.0/consumer_group.go:969","message":"Kafka session context done"}
{"level":"INFO","timestamp":"2026-04-27T01:25:39.258+0500","caller":"closer/closer.go:171","message":"🧩 Закрываем Kafka consumer group..."}
{"level":"INFO","timestamp":"2026-04-27T01:25:39.258+0500","caller":"closer/closer.go:171","message":"🧩 Закрываем Kafka sync producer..."}
{"level":"INFO","timestamp":"2026-04-27T01:25:39.258+0500","caller":"closer/closer.go:171","message":"✅ Kafka sync producer успешно закрыт за 251.862µs"}
{"level":"ERROR","timestamp":"2026-04-27T01:25:39.383+0500","caller":"order_consumer/consumer.go:35","message":"Failed to start order consumer service","error":"context canceled"}
{"level":"ERROR","timestamp":"2026-04-27T01:25:39.383+0500","caller":"cmd/main.go:38","message":"❌ Ошибка при работе приложения","error":"context canceled"}
{"level":"INFO","timestamp":"2026-04-27T01:25:39.386+0500","caller":"closer/closer.go:171","message":"✅ Kafka consumer group успешно закрыт за 127.968538ms"}
{"level":"INFO","timestamp":"2026-04-27T01:25:39.386+0500","caller":"sync/once.go:78","message":"✅ Все ресурсы успешно закрыты"}
{"level":"INFO","timestamp":"2026-04-27T01:26:40.368+0500","caller":"app/app.go:94","message":"🚀 Order Kafka consumer running"}
{"level":"INFO","timestamp":"2026-04-27T01:26:40.380+0500","caller":"order_consumer/consumer.go:31","message":"Starting order consumer service"}
{"level":"INFO","timestamp":"2026-04-27T01:26:40.387+0500","caller":"sarama@v1.48.0/consumer_group.go:869","message":"New session","member_id":"sarama-f0dfd4bd-9713-4e4f-81ed-946ab24032b5","claims":{"order.paid":[0,1,2]}}
{"level":"INFO","timestamp":"2026-04-27T01:26:42.719+0500","caller":"app/app.go:94","message":"🚀 Order Kafka consumer running"}
{"level":"INFO","timestamp":"2026-04-27T01:26:42.723+0500","caller":"order_consumer/consumer.go:31","message":"Starting order consumer service"}
{"level":"INFO","timestamp":"2026-04-27T01:26:43.512+0500","caller":"sarama@v1.48.0/consumer_group.go:969","message":"Kafka session context done"}
{"level":"INFO","timestamp":"2026-04-27T01:26:43.512+0500","caller":"sarama@v1.48.0/consumer_group.go:969","message":"Kafka session context done"}
{"level":"INFO","timestamp":"2026-04-27T01:26:43.512+0500","caller":"sarama@v1.48.0/consumer_group.go:969","message":"Kafka session context done"}
{"level":"INFO","timestamp":"2026-04-27T01:26:44.014+0500","caller":"order_consumer/consumer.go:33","message":"Kafka consumer group rebalancing..."}
{"level":"INFO","timestamp":"2026-04-27T01:26:44.021+0500","caller":"sarama@v1.48.0/consumer_group.go:869","message":"New session","member_id":"sarama-f0dfd4bd-9713-4e4f-81ed-946ab24032b5","claims":{"order.paid":[1]}}
{"level":"INFO","timestamp":"2026-04-27T01:26:44.022+0500","caller":"sarama@v1.48.0/consumer_group.go:869","message":"New session","member_id":"sarama-e7b5366b-6d89-478e-ba84-8f21e1d99a12","claims":{"order.paid":[0,2]}}
{"level":"INFO","timestamp":"2026-04-27T01:27:04.123+0500","caller":"app/app.go:94","message":"🚀 Order Kafka consumer running"}
{"level":"INFO","timestamp":"2026-04-27T01:27:04.138+0500","caller":"order_consumer/consumer.go:31","message":"Starting order consumer service"}
{"level":"INFO","timestamp":"2026-04-27T01:27:05.716+0500","caller":"sarama@v1.48.0/consumer_group.go:969","message":"Kafka session context done"}
{"level":"INFO","timestamp":"2026-04-27T01:27:05.717+0500","caller":"sarama@v1.48.0/consumer_group.go:969","message":"Kafka session context done"}
{"level":"INFO","timestamp":"2026-04-27T01:27:05.716+0500","caller":"sarama@v1.48.0/consumer_group.go:969","message":"Kafka session context done"}
{"level":"INFO","timestamp":"2026-04-27T01:27:06.218+0500","caller":"order_consumer/consumer.go:33","message":"Kafka consumer group rebalancing..."}
{"level":"INFO","timestamp":"2026-04-27T01:27:06.218+0500","caller":"order_consumer/consumer.go:33","message":"Kafka consumer group rebalancing..."}
{"level":"INFO","timestamp":"2026-04-27T01:27:06.228+0500","caller":"sarama@v1.48.0/consumer_group.go:869","message":"New session","member_id":"sarama-e359dd1b-78f2-43d7-b6be-bad99530d9d7","claims":{"order.paid":[0]}}
{"level":"INFO","timestamp":"2026-04-27T01:27:06.228+0500","caller":"sarama@v1.48.0/consumer_group.go:869","message":"New session","member_id":"sarama-e7b5366b-6d89-478e-ba84-8f21e1d99a12","claims":{"order.paid":[1]}}
{"level":"INFO","timestamp":"2026-04-27T01:27:06.228+0500","caller":"sarama@v1.48.0/consumer_group.go:869","message":"New session","member_id":"sarama-f0dfd4bd-9713-4e4f-81ed-946ab24032b5","claims":{"order.paid":[2]}}
{"level":"INFO","timestamp":"2026-04-27T01:27:22.833+0500","caller":"payment/payment.go:15","message":"payment succeeded","transaction_uuid":"18aae8ac-14a5-44eb-8a81-99db43c4f0c5","order_uuid":"d6a3bc05-8da5-4aab-b82d-71c58fff9a2a","user_uuid":"d6a3bc05-8da5-4aab-b82d-71c58fff9a2a","payment_method":4}
{"level":"INFO","timestamp":"2026-04-27T01:27:22.839+0500","caller":"order_producer/producer.go:28","message":"Message sent","topic":"order.paid","partition":0,"offset":0,"key":"d6a3bc05-8da5-4aab-b82d-71c58fff9a2a","value":"\n$acda4381-bf16-4b04-9b06-8e67b4169bad\u0012$d6a3bc05-8da5-4aab-b82d-71c58fff9a2a\u001a$d6a3bc05-8da5-4aab-b82d-71c58fff9a2a\"\u000einvestor-money*$18aae8ac-14a5-44eb-8a81-99db43c4f0c5"}
{"level":"INFO","timestamp":"2026-04-27T01:27:22.839+0500","caller":"sarama@v1.48.0/consumer_group.go:969","message":"message received","member_id":"sarama-e359dd1b-78f2-43d7-b6be-bad99530d9d7","key":"d6a3bc05-8da5-4aab-b82d-71c58fff9a2a","partition":0,"offset":0}
{"level":"INFO","timestamp":"2026-04-27T01:27:22.840+0500","caller":"consumer/groupHandler.go:66","message":"Kafka msg received","topic":"order.paid"}
{"level":"INFO","timestamp":"2026-04-27T01:27:22.840+0500","caller":"order_consumer/handler.go:15","message":"handler start"}
{"level":"INFO","timestamp":"2026-04-27T01:27:22.840+0500","caller":"order_consumer/handler.go:23","message":"Processing message","topic":"order.paid","partition":0,"offset":0,"order_uuid":"d6a3bc05-8da5-4aab-b82d-71c58fff9a2a","event_uuid":"acda4381-bf16-4b04-9b06-8e67b4169bad","payment_method":"investor-money","transaction_uuid":"18aae8ac-14a5-44eb-8a81-99db43c4f0c5","key":"d6a3bc05-8da5-4aab-b82d-71c58fff9a2a"}
{"level":"INFO","timestamp":"2026-04-27T01:27:27.858+0500","caller":"order_producer/producer.go:27","message":"Message sent","topic":"order.assembled","partition":0,"offset":4,"key":"acda4381-bf16-4b04-9b06-8e67b4169bad","value":"\n$acda4381-bf16-4b04-9b06-8e67b4169bad\u0012$d6a3bc05-8da5-4aab-b82d-71c58fff9a2a\u001a$d6a3bc05-8da5-4aab-b82d-71c58fff9a2a \u0005"}
{"level":"INFO","timestamp":"2026-04-27T01:27:27.858+0500","caller":"order_consumer/handler.go:57","message":"handler end"}
{"level":"INFO","timestamp":"2026-04-27T01:27:30.670+0500","caller":"payment/payment.go:15","message":"payment succeeded","transaction_uuid":"815e77cb-d55e-4f7b-a40e-9a65f018d36c","order_uuid":"c2376ab6-d3d4-43b9-9b6d-a44fe1c072f2","user_uuid":"c2376ab6-d3d4-43b9-9b6d-a44fe1c072f2","payment_method":4}
{"level":"INFO","timestamp":"2026-04-27T01:27:30.675+0500","caller":"order_producer/producer.go:28","message":"Message sent","topic":"order.paid","partition":0,"offset":1,"key":"c2376ab6-d3d4-43b9-9b6d-a44fe1c072f2","value":"\n$72b84adb-88dc-42b5-88eb-1375fb7fc33c\u0012$c2376ab6-d3d4-43b9-9b6d-a44fe1c072f2\u001a$c2376ab6-d3d4-43b9-9b6d-a44fe1c072f2\"\u000einvestor-money*$815e77cb-d55e-4f7b-a40e-9a65f018d36c"}
{"level":"INFO","timestamp":"2026-04-27T01:27:30.676+0500","caller":"sarama@v1.48.0/consumer_group.go:969","message":"message received","member_id":"sarama-e359dd1b-78f2-43d7-b6be-bad99530d9d7","key":"c2376ab6-d3d4-43b9-9b6d-a44fe1c072f2","partition":0,"offset":1}
{"level":"INFO","timestamp":"2026-04-27T01:27:30.676+0500","caller":"consumer/groupHandler.go:66","message":"Kafka msg received","topic":"order.paid"}
{"level":"INFO","timestamp":"2026-04-27T01:27:30.676+0500","caller":"order_consumer/handler.go:15","message":"handler start"}
{"level":"INFO","timestamp":"2026-04-27T01:27:30.676+0500","caller":"order_consumer/handler.go:23","message":"Processing message","topic":"order.paid","partition":0,"offset":1,"order_uuid":"c2376ab6-d3d4-43b9-9b6d-a44fe1c072f2","event_uuid":"72b84adb-88dc-42b5-88eb-1375fb7fc33c","payment_method":"investor-money","transaction_uuid":"815e77cb-d55e-4f7b-a40e-9a65f018d36c","key":"c2376ab6-d3d4-43b9-9b6d-a44fe1c072f2"}
{"level":"INFO","timestamp":"2026-04-27T01:27:38.680+0500","caller":"order_producer/producer.go:27","message":"Message sent","topic":"order.assembled","partition":0,"offset":5,"key":"72b84adb-88dc-42b5-88eb-1375fb7fc33c","value":"\n$72b84adb-88dc-42b5-88eb-1375fb7fc33c\u0012$c2376ab6-d3d4-43b9-9b6d-a44fe1c072f2\u001a$c2376ab6-d3d4-43b9-9b6d-a44fe1c072f2 \u0008"}
{"level":"INFO","timestamp":"2026-04-27T01:27:38.680+0500","caller":"order_consumer/handler.go:57","message":"handler end"}
{"level":"INFO","timestamp":"2026-04-27T01:29:47.623+0500","caller":"runtime/asm_amd64.s:1693","message":"🛑 Получен системный сигнал, начинаем graceful shutdown..."}
{"level":"INFO","timestamp":"2026-04-27T01:29:47.624+0500","caller":"sync/once.go:78","message":"🚦 Начинаем процесс graceful shutdown..."}
{"level":"INFO","timestamp":"2026-04-27T01:29:47.623+0500","caller":"sarama@v1.48.0/consumer_group.go:969","message":"Kafka session context done"}
{"level":"INFO","timestamp":"2026-04-27T01:29:47.624+0500","caller":"closer/closer.go:171","message":"🧩 Закрываем Kafka consumer group..."}
{"level":"INFO","timestamp":"2026-04-27T01:29:47.624+0500","caller":"closer/closer.go:171","message":"🧩 Закрываем Kafka sync producer..."}
{"level":"INFO","timestamp":"2026-04-27T01:29:47.624+0500","caller":"closer/closer.go:171","message":"✅ Kafka sync producer успешно закрыт за 118.039µs"}
{"level":"ERROR","timestamp":"2026-04-27T01:29:48.103+0500","caller":"order_consumer/consumer.go:35","message":"Failed to start order consumer service","error":"context canceled"}
{"level":"ERROR","timestamp":"2026-04-27T01:29:48.103+0500","caller":"cmd/main.go:38","message":"❌ Ошибка при работе приложения","error":"context canceled"}
{"level":"INFO","timestamp":"2026-04-27T01:29:48.105+0500","caller":"closer/closer.go:171","message":"✅ Kafka consumer group успешно закрыт за 480.762304ms"}
{"level":"INFO","timestamp":"2026-04-27T01:29:48.105+0500","caller":"sync/once.go:78","message":"✅ Все ресурсы успешно закрыты"}
{"level":"INFO","timestamp":"2026-04-27T01:29:48.799+0500","caller":"sarama@v1.48.0/consumer_group.go:969","message":"Kafka session context done"}
{"level":"INFO","timestamp":"2026-04-27T01:29:49.084+0500","caller":"sarama@v1.48.0/consumer_group.go:969","message":"Kafka session context done"}
{"level":"INFO","timestamp":"2026-04-27T01:29:49.300+0500","caller":"order_consumer/consumer.go:33","message":"Kafka consumer group rebalancing..."}
{"level":"INFO","timestamp":"2026-04-27T01:29:49.587+0500","caller":"order_consumer/consumer.go:33","message":"Kafka consumer group rebalancing..."}
{"level":"INFO","timestamp":"2026-04-27T01:29:49.607+0500","caller":"sarama@v1.48.0/consumer_group.go:869","message":"New session","member_id":"sarama-e7b5366b-6d89-478e-ba84-8f21e1d99a12","claims":{"order.paid":[1]}}
{"level":"INFO","timestamp":"2026-04-27T01:29:49.608+0500","caller":"sarama@v1.48.0/consumer_group.go:869","message":"New session","member_id":"sarama-e359dd1b-78f2-43d7-b6be-bad99530d9d7","claims":{"order.paid":[0,2]}}
{"level":"INFO","timestamp":"2026-04-27T01:50:47.807+0500","caller":"runtime/asm_amd64.s:1693","message":"🛑 Получен системный сигнал, начинаем graceful shutdown..."}
{"level":"INFO","timestamp":"2026-04-27T01:50:47.808+0500","caller":"sync/once.go:78","message":"🚦 Начинаем процесс graceful shutdown..."}
{"level":"INFO","timestamp":"2026-04-27T01:50:47.807+0500","caller":"sarama@v1.48.0/consumer_group.go:969","message":"Kafka session context done"}
{"level":"INFO","timestamp":"2026-04-27T01:50:47.808+0500","caller":"closer/closer.go:171","message":"🧩 Закрываем Kafka sync producer..."}
{"level":"INFO","timestamp":"2026-04-27T01:50:47.808+0500","caller":"closer/closer.go:171","message":"🧩 Закрываем Kafka consumer group..."}
{"level":"INFO","timestamp":"2026-04-27T01:50:47.808+0500","caller":"closer/closer.go:171","message":"✅ Kafka sync producer успешно закрыт за 141.189µs"}
{"level":"ERROR","timestamp":"2026-04-27T01:50:48.049+0500","caller":"order_consumer/consumer.go:35","message":"Failed to start order consumer service","error":"context canceled"}
{"level":"ERROR","timestamp":"2026-04-27T01:50:48.050+0500","caller":"cmd/main.go:38","message":"❌ Ошибка при работе приложения","error":"context canceled"}
{"level":"INFO","timestamp":"2026-04-27T01:50:48.052+0500","caller":"closer/closer.go:171","message":"✅ Kafka consumer group успешно закрыт за 244.399504ms"}
{"level":"INFO","timestamp":"2026-04-27T01:50:48.052+0500","caller":"sync/once.go:78","message":"✅ Все ресурсы успешно закрыты"}
{"level":"INFO","timestamp":"2026-04-27T01:51:29.986+0500","caller":"runtime/asm_amd64.s:1693","message":"🛑 Получен системный сигнал, начинаем graceful shutdown..."}
{"level":"INFO","timestamp":"2026-04-27T01:51:29.989+0500","caller":"sync/once.go:78","message":"🚦 Начинаем процесс graceful shutdown..."}
{"level":"INFO","timestamp":"2026-04-27T01:51:29.994+0500","caller":"closer/closer.go:171","message":"🧩 Закрываем MongoDB client..."}
{"level":"INFO","timestamp":"2026-04-27T01:51:29.994+0500","caller":"closer/closer.go:171","message":"🧩 Закрываем gRPC server..."}
{"level":"INFO","timestamp":"2026-04-27T01:51:29.995+0500","caller":"closer/closer.go:171","message":"🧩 Закрываем TCP listener..."}
{"level":"INFO","timestamp":"2026-04-27T01:51:29.996+0500","caller":"closer/closer.go:171","message":"✅ TCP listener успешно закрыт за 4.683745ms"}
{"level":"INFO","timestamp":"2026-04-27T01:51:29.998+0500","caller":"closer/closer.go:171","message":"✅ gRPC server успешно закрыт за 7.368428ms"}
{"level":"INFO","timestamp":"2026-04-27T01:51:30.017+0500","caller":"closer/closer.go:171","message":"✅ MongoDB client успешно закрыт за 26.535827ms"}
{"level":"INFO","timestamp":"2026-04-27T01:51:30.018+0500","caller":"sync/once.go:78","message":"✅ Все ресурсы успешно закрыты"}
{"level":"INFO","timestamp":"2026-04-27T01:51:36.698+0500","caller":"app/app.go:93","message":"🚀 gRPC InventoryService server listening on localhost:50051"}
{"level":"INFO","timestamp":"2026-04-27T01:53:41.094+0500","caller":"payment/payment.go:15","message":"payment succeeded","transaction_uuid":"19976958-49bd-4bff-a5ae-44587d3a7368","order_uuid":"27f223be-f0c8-44fe-bc9b-976884c8cfee","user_uuid":"27f223be-f0c8-44fe-bc9b-976884c8cfee","payment_method":4}
{"level":"ERROR","timestamp":"2026-04-27T01:53:41.209+0500","caller":"order_producer/producer.go:28","message":"Failed to send message","error":"kafka server: Request was for a topic or partition that does not exist on this broker"}
{"level":"ERROR","timestamp":"2026-04-27T01:53:41.210+0500","caller":"order_producer/producer.go:30","message":"failed to publish order paid","event":{"event_uuid":"b9abb568-24e8-4b74-bbbe-c09a3820f2f4","order_uuid":"27f223be-f0c8-44fe-bc9b-976884c8cfee","user_uuid":"27f223be-f0c8-44fe-bc9b-976884c8cfee","payment_method":"investor-money","transaction_uuid":"19976958-49bd-4bff-a5ae-44587d3a7368"},"error":"kafka server: Request was for a topic or partition that does not exist on this broker"}
{"level":"INFO","timestamp":"2026-04-27T01:54:21.370+0500","caller":"payment/payment.go:15","message":"payment succeeded","transaction_uuid":"47f6eaed-be05-4770-ac77-b468637df6d9","order_uuid":"d6a3bc05-8da5-4aab-b82d-71c58fff9a2a","user_uuid":"d6a3bc05-8da5-4aab-b82d-71c58fff9a2a","payment_method":4}
{"level":"INFO","timestamp":"2026-04-27T01:54:21.378+0500","caller":"order_producer/producer.go:28","message":"Message sent","topic":"order.paid","partition":0,"offset":0,"key":"d6a3bc05-8da5-4aab-b82d-71c58fff9a2a","value":"\n$982eb37e-69d4-4d8e-b53f-3e3d28ac38e5\u0012$d6a3bc05-8da5-4aab-b82d-71c58fff9a2a\u001a$d6a3bc05-8da5-4aab-b82d-71c58fff9a2a\"\u000einvestor-money*$47f6eaed-be05-4770-ac77-b468637df6d9"}
{"level":"INFO","timestamp":"2026-04-27T01:55:24.545+0500","caller":"payment/payment.go:15","message":"payment succeeded","transaction_uuid":"26fce026-0a80-4c9e-aceb-d20e4539145c","order_uuid":"c2376ab6-d3d4-43b9-9b6d-a44fe1c072f2","user_uuid":"c2376ab6-d3d4-43b9-9b6d-a44fe1c072f2","payment_method":4}
{"level":"INFO","timestamp":"2026-04-27T01:55:24.553+0500","caller":"order_producer/producer.go:28","message":"Message sent","topic":"order.paid","partition":0,"offset":1,"key":"c2376ab6-d3d4-43b9-9b6d-a44fe1c072f2","value":"\n$1993ef6a-2976-4a0a-bbb2-ce4b6c6be579\u0012$c2376ab6-d3d4-43b9-9b6d-a44fe1c072f2\u001a$c2376ab6-d3d4-43b9-9b6d-a44fe1c072f2\"\u000einvestor-money*$26fce026-0a80-4c9e-aceb-d20e4539145c"}
{"level":"INFO","timestamp":"2026-04-27T01:55:52.142+0500","caller":"payment/payment.go:15","message":"payment succeeded","transaction_uuid":"44e2d7a7-c2a3-4ca7-877b-d8c49ab9743c","order_uuid":"27f223be-f0c8-44fe-bc9b-976884c8cfee","user_uuid":"27f223be-f0c8-44fe-bc9b-976884c8cfee","payment_method":4}
{"level":"INFO","timestamp":"2026-04-27T01:55:52.148+0500","caller":"order_producer/producer.go:28","message":"Message sent","topic":"order.paid","partition":0,"offset":2,"key":"27f223be-f0c8-44fe-bc9b-976884c8cfee","value":"\n$23853835-0626-4a18-8bd0-e60079113923\u0012$27f223be-f0c8-44fe-bc9b-976884c8cfee\u001a$27f223be-f0c8-44fe-bc9b-976884c8cfee\"\u000einvestor-money*$44e2d7a7-c2a3-4ca7-877b-d8c49ab9743c"}
{"level":"INFO","timestamp":"2026-04-27T01:56:32.086+0500","caller":"runtime/asm_amd64.s:1693","message":"🛑 Получен системный сигнал, начинаем graceful shutdown..."}
{"level":"INFO","timestamp":"2026-04-27T01:56:32.095+0500","caller":"sync/once.go:78","message":"🚦 Начинаем процесс graceful shutdown..."}
{"level":"INFO","timestamp":"2026-04-27T01:56:32.095+0500","caller":"closer/closer.go:171","message":"🧩 Закрываем MongoDB client..."}
{"level":"INFO","timestamp":"2026-04-27T01:56:32.095+0500","caller":"closer/closer.go:171","message":"🧩 Закрываем gRPC server..."}
{"level":"INFO","timestamp":"2026-04-27T01:56:32.095+0500","caller":"closer/closer.go:171","message":"🧩 Закрываем TCP listener..."}
{"level":"INFO","timestamp":"2026-04-27T01:56:32.095+0500","caller":"closer/closer.go:171","message":"✅ TCP listener успешно закрыт за 196.706µs"}
{"level":"INFO","timestamp":"2026-04-27T01:56:32.095+0500","caller":"closer/closer.go:171","message":"✅ gRPC server успешно закрыт за 340.344µs"}
{"level":"INFO","timestamp":"2026-04-27T01:56:32.097+0500","caller":"closer/closer.go:171","message":"✅ MongoDB client успешно закрыт за 2.395187ms"}
{"level":"INFO","timestamp":"2026-04-27T01:56:32.097+0500","caller":"sync/once.go:78","message":"✅ Все ресурсы успешно закрыты"}
{"level":"INFO","timestamp":"2026-04-27T01:56:46.625+0500","caller":"app/app.go:52","message":"Shutdown signal received"}
{"level":"INFO","timestamp":"2026-04-27T01:56:46.625+0500","caller":"runtime/asm_amd64.s:1693","message":"🛑 Получен системный сигнал, начинаем graceful shutdown..."}
{"level":"INFO","timestamp":"2026-04-27T01:56:46.626+0500","caller":"sync/once.go:78","message":"🚦 Начинаем процесс graceful shutdown..."}
{"level":"INFO","timestamp":"2026-04-27T01:56:46.627+0500","caller":"closer/closer.go:171","message":"🧩 Закрываем Inventory gRPC connection..."}
{"level":"INFO","timestamp":"2026-04-27T01:56:46.627+0500","caller":"closer/closer.go:171","message":"🧩 Закрываем HTTP server..."}
{"level":"INFO","timestamp":"2026-04-27T01:56:46.627+0500","caller":"closer/closer.go:171","message":"🧩 Закрываем Kafka sync producer..."}
{"level":"INFO","timestamp":"2026-04-27T01:56:46.627+0500","caller":"closer/closer.go:171","message":"🧩 Закрываем Payment gRPC connection..."}
{"level":"INFO","timestamp":"2026-04-27T01:56:46.627+0500","caller":"closer/closer.go:171","message":"🧩 Закрываем PostgresSQL connection..."}
{"level":"INFO","timestamp":"2026-04-27T01:56:46.628+0500","caller":"closer/closer.go:171","message":"✅ PostgresSQL connection успешно закрыт за 1.139727ms"}
{"level":"INFO","timestamp":"2026-04-27T01:56:46.628+0500","caller":"closer/closer.go:171","message":"✅ Kafka sync producer успешно закрыт за 905.404µs"}
{"level":"INFO","timestamp":"2026-04-27T01:56:46.628+0500","caller":"closer/closer.go:171","message":"✅ Inventory gRPC connection успешно закрыт за 1.441103ms"}
{"level":"INFO","timestamp":"2026-04-27T01:56:46.628+0500","caller":"closer/closer.go:171","message":"✅ HTTP server успешно закрыт за 1.950268ms"}
{"level":"INFO","timestamp":"2026-04-27T01:56:46.631+0500","caller":"closer/closer.go:171","message":"✅ Payment gRPC connection успешно закрыт за 4.534154ms"}
{"level":"INFO","timestamp":"2026-04-27T01:56:46.631+0500","caller":"sync/once.go:78","message":"✅ Все ресурсы успешно закрыты"}
{"level":"INFO","timestamp":"2026-04-27T01:57:10.222+0500","caller":"runtime/asm_amd64.s:1693","message":"🛑 Получен системный сигнал, начинаем graceful shutdown..."}
{"level":"INFO","timestamp":"2026-04-27T01:57:10.223+0500","caller":"sync/once.go:78","message":"🚦 Начинаем процесс graceful shutdown..."}
{"level":"INFO","timestamp":"2026-04-27T01:57:10.226+0500","caller":"closer/closer.go:171","message":"🧩 Закрываем gRPC server..."}
{"level":"INFO","timestamp":"2026-04-27T01:57:10.226+0500","caller":"closer/closer.go:171","message":"🧩 Закрываем TCP listener..."}
{"level":"INFO","timestamp":"2026-04-27T01:57:10.227+0500","caller":"closer/closer.go:171","message":"✅ TCP listener успешно закрыт за 1.906085ms"}
{"level":"INFO","timestamp":"2026-04-27T01:57:10.230+0500","caller":"closer/closer.go:171","message":"✅ gRPC server успешно закрыт за 4.701125ms"}
{"level":"INFO","timestamp":"2026-04-27T01:57:10.230+0500","caller":"sync/once.go:78","message":"✅ Все ресурсы успешно закрыты"}
{"level":"INFO","timestamp":"2026-04-27T02:10:23.785+0500","caller":"app/app.go:92","message":"🚀 gRPC PaymentService server listening on localhost:50052"}
{"level":"INFO","timestamp":"2026-04-27T02:10:40.173+0500","caller":"app/app.go:151","message":"🗄️ Database initialized and migrations applied"}
{"level":"INFO","timestamp":"2026-04-27T02:10:40.179+0500","caller":"app/app.go:66","message":"🚀 HTTP OrderService server listening on localhost:8080"}
{"level":"INFO","timestamp":"2026-04-27T02:11:00.668+0500","caller":"app/app.go:93","message":"🚀 gRPC InventoryService server listening on localhost:50051"}
{"level":"INFO","timestamp":"2026-04-27T02:11:18.840+0500","caller":"app/app.go:94","message":"🚀 Order Kafka consumer running"}
{"level":"INFO","timestamp":"2026-04-27T02:11:18.845+0500","caller":"order_consumer/consumer.go:31","message":"Starting order consumer service"}
{"level":"INFO","timestamp":"2026-04-27T02:11:18.853+0500","caller":"sarama@v1.48.0/consumer_group.go:869","message":"New session","member_id":"sarama-2dc37240-c756-4ed6-ad5e-ae01d5a4e679","claims":{"order.paid":[0,1]}}
{"level":"INFO","timestamp":"2026-04-27T02:11:31.341+0500","caller":"sarama@v1.48.0/consumer_group.go:969","message":"Kafka session context done"}
{"level":"INFO","timestamp":"2026-04-27T02:11:31.340+0500","caller":"runtime/asm_amd64.s:1693","message":"🛑 Получен системный сигнал, начинаем graceful shutdown..."}
{"level":"INFO","timestamp":"2026-04-27T02:11:31.341+0500","caller":"sarama@v1.48.0/consumer_group.go:969","message":"Kafka session context done"}
{"level":"INFO","timestamp":"2026-04-27T02:11:31.341+0500","caller":"sync/once.go:78","message":"🚦 Начинаем процесс graceful shutdown..."}
{"level":"INFO","timestamp":"2026-04-27T02:11:31.341+0500","caller":"closer/closer.go:171","message":"🧩 Закрываем Kafka sync producer..."}
{"level":"INFO","timestamp":"2026-04-27T02:11:31.341+0500","caller":"closer/closer.go:171","message":"✅ Kafka sync producer успешно закрыт за 177.847µs"}
{"level":"INFO","timestamp":"2026-04-27T02:11:31.341+0500","caller":"closer/closer.go:171","message":"🧩 Закрываем Kafka consumer group..."}
{"level":"ERROR","timestamp":"2026-04-27T02:11:31.514+0500","caller":"order_consumer/consumer.go:35","message":"Failed to start order consumer service","error":"context canceled"}
{"level":"ERROR","timestamp":"2026-04-27T02:11:31.514+0500","caller":"cmd/main.go:38","message":"❌ Ошибка при работе приложения","error":"context canceled"}
{"level":"INFO","timestamp":"2026-04-27T02:11:31.518+0500","caller":"closer/closer.go:171","message":"✅ Kafka consumer group успешно закрыт за 176.593812ms"}
{"level":"INFO","timestamp":"2026-04-27T02:11:31.518+0500","caller":"sync/once.go:78","message":"✅ Все ресурсы успешно закрыты"}
{"level":"INFO","timestamp":"2026-04-27T02:11:32.876+0500","caller":"app/app.go:90","message":"🚀 Order Kafka consumer running"}
{"level":"INFO","timestamp":"2026-04-27T02:11:32.881+0500","caller":"order_consumer/consumer.go:31","message":"Starting order consumer service"}
{"level":"INFO","timestamp":"2026-04-27T02:11:32.889+0500","caller":"sarama@v1.48.0/consumer_group.go:869","message":"New session","member_id":"sarama-f9bd3a07-8479-4601-becf-893f98c979d5","claims":{"order.paid":[0,1]}}
{"level":"INFO","timestamp":"2026-04-27T02:11:47.487+0500","caller":"app/app.go:90","message":"🚀 Order Kafka consumer running"}
{"level":"INFO","timestamp":"2026-04-27T02:11:47.493+0500","caller":"order_consumer/consumer.go:31","message":"Starting order consumer service"}
{"level":"INFO","timestamp":"2026-04-27T02:11:48.063+0500","caller":"sarama@v1.48.0/consumer_group.go:969","message":"Kafka session context done"}
{"level":"INFO","timestamp":"2026-04-27T02:11:48.063+0500","caller":"sarama@v1.48.0/consumer_group.go:969","message":"Kafka session context done"}
{"level":"INFO","timestamp":"2026-04-27T02:11:48.564+0500","caller":"order_consumer/consumer.go:33","message":"Kafka consumer group rebalancing..."}
{"level":"INFO","timestamp":"2026-04-27T02:11:48.571+0500","caller":"sarama@v1.48.0/consumer_group.go:869","message":"New session","member_id":"sarama-f9bd3a07-8479-4601-becf-893f98c979d5","claims":{"order.paid":[1]}}
{"level":"INFO","timestamp":"2026-04-27T02:11:48.571+0500","caller":"sarama@v1.48.0/consumer_group.go:869","message":"New session","member_id":"sarama-03fbdb2b-665d-48f1-992f-e8bf4b0fdb70","claims":{"order.paid":[0]}}
{"level":"INFO","timestamp":"2026-04-27T02:12:22.023+0500","caller":"payment/payment.go:15","message":"payment succeeded","transaction_uuid":"afad304a-9d91-421d-8873-989a82c7b4c3","order_uuid":"c2376ab6-d3d4-43b9-9b6d-a44fe1c072f2","user_uuid":"c2376ab6-d3d4-43b9-9b6d-a44fe1c072f2","payment_method":4}
{"level":"INFO","timestamp":"2026-04-27T02:12:22.034+0500","caller":"order_producer/producer.go:28","message":"Message sent","topic":"order.paid","partition":0,"offset":10,"key":"c2376ab6-d3d4-43b9-9b6d-a44fe1c072f2","value":"\n$6fadc8a5-fb82-4fb0-b6ef-90d188cb83ed\u0012$c2376ab6-d3d4-43b9-9b6d-a44fe1c072f2\u001a$c2376ab6-d3d4-43b9-9b6d-a44fe1c072f2\"\u000einvestor-money*$afad304a-9d91-421d-8873-989a82c7b4c3"}
{"level":"INFO","timestamp":"2026-04-27T02:12:22.035+0500","caller":"sarama@v1.48.0/consumer_group.go:969","message":"message received","member_id":"sarama-03fbdb2b-665d-48f1-992f-e8bf4b0fdb70","key":"c2376ab6-d3d4-43b9-9b6d-a44fe1c072f2","partition":0,"offset":10}
{"level":"INFO","timestamp":"2026-04-27T02:12:22.035+0500","caller":"consumer/groupHandler.go:66","message":"Kafka msg received","topic":"order.paid"}
{"level":"INFO","timestamp":"2026-04-27T02:12:22.035+0500","caller":"order_consumer/handler.go:15","message":"handler start"}
{"level":"INFO","timestamp":"2026-04-27T02:12:22.035+0500","caller":"order_consumer/handler.go:23","message":"Processing message","topic":"order.paid","partition":0,"offset":10,"order_uuid":"c2376ab6-d3d4-43b9-9b6d-a44fe1c072f2","event_uuid":"6fadc8a5-fb82-4fb0-b6ef-90d188cb83ed","payment_method":"investor-money","transaction_uuid":"afad304a-9d91-421d-8873-989a82c7b4c3","key":"c2376ab6-d3d4-43b9-9b6d-a44fe1c072f2"}
{"level":"INFO","timestamp":"2026-04-27T02:12:31.043+0500","caller":"order_producer/producer.go:27","message":"Message sent","topic":"order.assembled","partition":1,"offset":1,"key":"6fadc8a5-fb82-4fb0-b6ef-90d188cb83ed","value":"\n$6fadc8a5-fb82-4fb0-b6ef-90d188cb83ed\u0012$c2376ab6-d3d4-43b9-9b6d-a44fe1c072f2\u001a$c2376ab6-d3d4-43b9-9b6d-a44fe1c072f2 \t"}
{"level":"INFO","timestamp":"2026-04-27T02:12:31.043+0500","caller":"order_consumer/handler.go:57","message":"handler end"}
{"level":"INFO","timestamp":"2026-04-27T02:12:52.092+0500","caller":"payment/payment.go:15","message":"payment succeeded","transaction_uuid":"8160b3d2-1b3a-4451-80d7-bf3d267ed269","order_uuid":"d6a3bc05-8da5-4aab-b82d-71c58fff9a2a","user_uuid":"d6a3bc05-8da5-4aab-b82d-71c58fff9a2a","payment_method":4}
{"level":"INFO","timestamp":"2026-04-27T02:12:52.099+0500","caller":"order_producer/producer.go:28","message":"Message sent","topic":"order.paid","partition":0,"offset":11,"key":"d6a3bc05-8da5-4aab-b82d-71c58fff9a2a","value":"\n$e7ce4491-722a-45e2-95a4-63e333177e9a\u0012$d6a3bc05-8da5-4aab-b82d-71c58fff9a2a\u001a$d6a3bc05-8da5-4aab-b82d-71c58fff9a2a\"\u000einvestor-money*$8160b3d2-1b3a-4451-80d7-bf3d267ed269"}
{"level":"INFO","timestamp":"2026-04-27T02:12:52.100+0500","caller":"sarama@v1.48.0/consumer_group.go:969","message":"message received","member_id":"sarama-03fbdb2b-665d-48f1-992f-e8bf4b0fdb70","key":"d6a3bc05-8da5-4aab-b82d-71c58fff9a2a","partition":0,"offset":11}
{"level":"INFO","timestamp":"2026-04-27T02:12:52.100+0500","caller":"consumer/groupHandler.go:66","message":"Kafka msg received","topic":"order.paid"}
{"level":"INFO","timestamp":"2026-04-27T02:12:52.100+0500","caller":"order_consumer/handler.go:15","message":"handler start"}
{"level":"INFO","timestamp":"2026-04-27T02:12:52.101+0500","caller":"order_consumer/handler.go:23","message":"Processing message","topic":"order.paid","partition":0,"offset":11,"order_uuid":"d6a3bc05-8da5-4aab-b82d-71c58fff9a2a","event_uuid":"e7ce4491-722a-45e2-95a4-63e333177e9a","payment_method":"investor-money","transaction_uuid":"8160b3d2-1b3a-4451-80d7-bf3d267ed269","key":"d6a3bc05-8da5-4aab-b82d-71c58fff9a2a"}
{"level":"INFO","timestamp":"2026-04-27T02:12:54.104+0500","caller":"order_producer/producer.go:27","message":"Message sent","topic":"order.assembled","partition":1,"offset":2,"key":"e7ce4491-722a-45e2-95a4-63e333177e9a","value":"\n$e7ce4491-722a-45e2-95a4-63e333177e9a\u0012$d6a3bc05-8da5-4aab-b82d-71c58fff9a2a\u001a$d6a3bc05-8da5-4aab-b82d-71c58fff9a2a \u0002"}
{"level":"INFO","timestamp":"2026-04-27T02:12:54.104+0500","caller":"order_consumer/handler.go:57","message":"handler end"}
{"level":"INFO","timestamp":"2026-04-27T02:14:51.272+0500","caller":"app/app.go:34","message":"Shutdown signal received"}
{"level":"INFO","timestamp":"2026-04-27T02:14:51.278+0500","caller":"sync/once.go:78","message":"🚦 Начинаем процесс graceful shutdown..."}
{"level":"INFO","timestamp":"2026-04-27T02:14:51.272+0500","caller":"sarama@v1.48.0/consumer_group.go:969","message":"Kafka session context done"}
{"level":"INFO","timestamp":"2026-04-27T02:14:51.279+0500","caller":"closer/closer.go:171","message":"🧩 Закрываем Kafka consumer group..."}
{"level":"INFO","timestamp":"2026-04-27T02:14:51.272+0500","caller":"runtime/asm_amd64.s:1693","message":"🛑 Получен системный сигнал, начинаем graceful shutdown..."}
{"level":"INFO","timestamp":"2026-04-27T02:14:51.279+0500","caller":"closer/closer.go:171","message":"🧩 Закрываем Kafka sync producer..."}
{"level":"INFO","timestamp":"2026-04-27T02:14:51.279+0500","caller":"closer/closer.go:171","message":"✅ Kafka sync producer успешно закрыт за 450.048µs"}
{"level":"ERROR","timestamp":"2026-04-27T02:14:51.423+0500","caller":"order_consumer/consumer.go:35","message":"Failed to start order consumer service","error":"context canceled"}
{"level":"INFO","timestamp":"2026-04-27T02:14:51.425+0500","caller":"closer/closer.go:171","message":"✅ Kafka consumer group успешно закрыт за 146.220488ms"}
{"level":"INFO","timestamp":"2026-04-27T02:14:51.425+0500","caller":"sync/once.go:78","message":"✅ Все ресурсы успешно закрыты"}
{"level":"INFO","timestamp":"2026-04-27T02:14:52.090+0500","caller":"sarama@v1.48.0/consumer_group.go:969","message":"Kafka session context done"}
{"level":"INFO","timestamp":"2026-04-27T02:14:52.592+0500","caller":"order_consumer/consumer.go:33","message":"Kafka consumer group rebalancing..."}
{"level":"INFO","timestamp":"2026-04-27T02:14:52.611+0500","caller":"sarama@v1.48.0/consumer_group.go:869","message":"New session","member_id":"sarama-03fbdb2b-665d-48f1-992f-e8bf4b0fdb70","claims":{"order.paid":[0,1]}}
{"level":"INFO","timestamp":"2026-04-27T02:14:52.873+0500","caller":"app/app.go:34","message":"Shutdown signal received"}
{"level":"INFO","timestamp":"2026-04-27T02:14:52.873+0500","caller":"sarama@v1.48.0/consumer_group.go:969","message":"Kafka session context done"}
{"level":"INFO","timestamp":"2026-04-27T02:14:52.873+0500","caller":"sync/once.go:78","message":"🚦 Начинаем процесс graceful shutdown..."}
{"level":"INFO","timestamp":"2026-04-27T02:14:52.873+0500","caller":"sarama@v1.48.0/consumer_group.go:969","message":"Kafka session context done"}
{"level":"INFO","timestamp":"2026-04-27T02:14:52.873+0500","caller":"runtime/asm_amd64.s:1693","message":"🛑 Получен системный сигнал, начинаем graceful shutdown..."}
{"level":"INFO","timestamp":"2026-04-27T02:14:52.873+0500","caller":"closer/closer.go:171","message":"🧩 Закрываем Kafka sync producer..."}
{"level":"INFO","timestamp":"2026-04-27T02:14:52.873+0500","caller":"closer/closer.go:171","message":"🧩 Закрываем Kafka consumer group..."}
{"level":"INFO","timestamp":"2026-04-27T02:14:52.873+0500","caller":"closer/closer.go:171","message":"✅ Kafka sync producer успешно закрыт за 173.704µs"}
{"level":"ERROR","timestamp":"2026-04-27T02:14:53.215+0500","caller":"order_consumer/consumer.go:35","message":"Failed to start order consumer service","error":"context canceled"}
{"level":"INFO","timestamp":"2026-04-27T02:14:53.218+0500","caller":"closer/closer.go:171","message":"✅ Kafka consumer group успешно закрыт за 345.183665ms"}
{"level":"INFO","timestamp":"2026-04-27T02:14:53.219+0500","caller":"sync/once.go:78","message":"✅ Все ресурсы успешно закрыты"}
{"level":"INFO","timestamp":"2026-04-27T02:15:02.414+0500","caller":"app/app.go:90","message":"🚀 Order Kafka consumer running"}
{"level":"INFO","timestamp":"2026-04-27T02:15:02.419+0500","caller":"order_consumer/consumer.go:31","message":"Starting order consumer service"}
{"level":"INFO","timestamp":"2026-04-27T02:15:02.426+0500","caller":"sarama@v1.48.0/consumer_group.go:869","message":"New session","member_id":"sarama-12d2bc41-1acf-4a0a-80b8-8e47e4a2ba37","claims":{"order.paid":[0,1]}}
{"level":"INFO","timestamp":"2026-04-27T02:15:07.870+0500","caller":"app/app.go:90","message":"🚀 Order Kafka consumer running"}
{"level":"INFO","timestamp":"2026-04-27T02:15:07.875+0500","caller":"order_consumer/consumer.go:31","message":"Starting order consumer service"}
{"level":"INFO","timestamp":"2026-04-27T02:15:08.557+0500","caller":"sarama@v1.48.0/consumer_group.go:969","message":"Kafka session context done"}
{"level":"INFO","timestamp":"2026-04-27T02:15:08.557+0500","caller":"sarama@v1.48.0/consumer_group.go:969","message":"Kafka session context done"}
{"level":"INFO","timestamp":"2026-04-27T02:15:09.058+0500","caller":"order_consumer/consumer.go:33","message":"Kafka consumer group rebalancing..."}
{"level":"INFO","timestamp":"2026-04-27T02:15:09.067+0500","caller":"sarama@v1.48.0/consumer_group.go:869","message":"New session","member_id":"sarama-12d2bc41-1acf-4a0a-80b8-8e47e4a2ba37","claims":{"order.paid":[0]}}
{"level":"INFO","timestamp":"2026-04-27T02:15:09.067+0500","caller":"sarama@v1.48.0/consumer_group.go:869","message":"New session","member_id":"sarama-76833af2-9dbc-48b1-b709-e0c47180775d","claims":{"order.paid":[1]}}
{"level":"INFO","timestamp":"2026-04-27T02:15:27.437+0500","caller":"payment/payment.go:15","message":"payment succeeded","transaction_uuid":"24b5b9fe-1c96-4d61-b3b8-215b09d54afd","order_uuid":"c2376ab6-d3d4-43b9-9b6d-a44fe1c072f2","user_uuid":"c2376ab6-d3d4-43b9-9b6d-a44fe1c072f2","payment_method":4}
{"level":"INFO","timestamp":"2026-04-27T02:15:27.452+0500","caller":"order_producer/producer.go:28","message":"Message sent","topic":"order.paid","partition":0,"offset":12,"key":"c2376ab6-d3d4-43b9-9b6d-a44fe1c072f2","value":"\n$3df6efc7-134e-451a-8de0-0a2a5e283724\u0012$c2376ab6-d3d4-43b9-9b6d-a44fe1c072f2\u001a$c2376ab6-d3d4-43b9-9b6d-a44fe1c072f2\"\u000einvestor-money*$24b5b9fe-1c96-4d61-b3b8-215b09d54afd"}
{"level":"INFO","timestamp":"2026-04-27T02:15:27.452+0500","caller":"sarama@v1.48.0/consumer_group.go:969","message":"message received","member_id":"sarama-12d2bc41-1acf-4a0a-80b8-8e47e4a2ba37","key":"c2376ab6-d3d4-43b9-9b6d-a44fe1c072f2","partition":0,"offset":12}
{"level":"INFO","timestamp":"2026-04-27T02:15:27.452+0500","caller":"consumer/groupHandler.go:66","message":"Kafka msg received","topic":"order.paid"}
{"level":"INFO","timestamp":"2026-04-27T02:15:27.452+0500","caller":"order_consumer/handler.go:15","message":"handler start"}
{"level":"INFO","timestamp":"2026-04-27T02:15:27.453+0500","caller":"order_consumer/handler.go:23","message":"Processing message","topic":"order.paid","partition":0,"offset":12,"order_uuid":"c2376ab6-d3d4-43b9-9b6d-a44fe1c072f2","event_uuid":"3df6efc7-134e-451a-8de0-0a2a5e283724","payment_method":"investor-money","transaction_uuid":"24b5b9fe-1c96-4d61-b3b8-215b09d54afd","key":"c2376ab6-d3d4-43b9-9b6d-a44fe1c072f2"}
{"level":"INFO","timestamp":"2026-04-27T02:15:27.459+0500","caller":"order_producer/producer.go:27","message":"Message sent","topic":"order.assembled","partition":0,"offset":15,"key":"3df6efc7-134e-451a-8de0-0a2a5e283724","value":"\n$3df6efc7-134e-451a-8de0-0a2a5e283724\u0012$c2376ab6-d3d4-43b9-9b6d-a44fe1c072f2\u001a$c2376ab6-d3d4-43b9-9b6d-a44fe1c072f2 \n"}
{"level":"INFO","timestamp":"2026-04-27T02:15:27.460+0500","caller":"order_consumer/handler.go:57","message":"handler end"}
{"level":"INFO","timestamp":"2026-04-27T02:15:44.541+0500","caller":"payment/payment.go:15","message":"payment succeeded","transaction_uuid":"d1c712f8-f076-4ba9-bd9e-2dae210755ce","order_uuid":"d6a3bc05-8da5-4aab-b82d-71c58fff9a2a","user_uuid":"d6a3bc05-8da5-4aab-b82d-71c58fff9a2a","payment_method":4}
{"level":"INFO","timestamp":"2026-04-27T02:15:44.547+0500","caller":"order_producer/producer.go:28","message":"Message sent","topic":"order.paid","partition":0,"offset":13,"key":"d6a3bc05-8da5-4aab-b82d-71c58fff9a2a","value":"\n$b9c14180-ea6d-42df-81db-8d6101bb913e\u0012$d6a3bc05-8da5-4aab-b82d-71c58fff9a2a\u001a$d6a3bc05-8da5-4aab-b82d-71c58fff9a2a\"\u000einvestor-money*$d1c712f8-f076-4ba9-bd9e-2dae210755ce"}
{"level":"INFO","timestamp":"2026-04-27T02:15:44.548+0500","caller":"sarama@v1.48.0/consumer_group.go:969","message":"message received","member_id":"sarama-12d2bc41-1acf-4a0a-80b8-8e47e4a2ba37","key":"d6a3bc05-8da5-4aab-b82d-71c58fff9a2a","partition":0,"offset":13}
{"level":"INFO","timestamp":"2026-04-27T02:15:44.548+0500","caller":"consumer/groupHandler.go:66","message":"Kafka msg received","topic":"order.paid"}
{"level":"INFO","timestamp":"2026-04-27T02:15:44.548+0500","caller":"order_consumer/handler.go:15","message":"handler start"}
{"level":"INFO","timestamp":"2026-04-27T02:15:44.548+0500","caller":"order_consumer/handler.go:23","message":"Processing message","topic":"order.paid","partition":0,"offset":13,"order_uuid":"d6a3bc05-8da5-4aab-b82d-71c58fff9a2a","event_uuid":"b9c14180-ea6d-42df-81db-8d6101bb913e","payment_method":"investor-money","transaction_uuid":"d1c712f8-f076-4ba9-bd9e-2dae210755ce","key":"d6a3bc05-8da5-4aab-b82d-71c58fff9a2a"}
{"level":"INFO","timestamp":"2026-04-27T02:15:44.551+0500","caller":"order_producer/producer.go:27","message":"Message sent","topic":"order.assembled","partition":0,"offset":16,"key":"b9c14180-ea6d-42df-81db-8d6101bb913e","value":"\n$b9c14180-ea6d-42df-81db-8d6101bb913e\u0012$d6a3bc05-8da5-4aab-b82d-71c58fff9a2a\u001a$d6a3bc05-8da5-4aab-b82d-71c58fff9a2a \u0005"}
{"level":"INFO","timestamp":"2026-04-27T02:15:44.552+0500","caller":"order_consumer/handler.go:57","message":"handler end"}
{"level":"INFO","timestamp":"2026-04-27T02:17:37.519+0500","caller":"sarama@v1.48.0/consumer_group.go:969","message":"message received","member_id":"sarama-12d2bc41-1acf-4a0a-80b8-8e47e4a2ba37","key":"c2376ab6-d3d4-43b9-9b6d-a44fe1c072f3","partition":0,"offset":14}
{"level":"INFO","timestamp":"2026-04-27T02:17:37.519+0500","caller":"consumer/groupHandler.go:66","message":"Kafka msg received","topic":"order.paid"}
{"level":"INFO","timestamp":"2026-04-27T02:17:37.519+0500","caller":"order_consumer/handler.go:15","message":"handler start"}
{"level":"ERROR","timestamp":"2026-04-27T02:17:37.520+0500","caller":"order_consumer/handler.go:19","message":"Failed to decode order paid event","error":"failed to unmarshal protobuf: proto: cannot parse invalid wire-format data"}
{"level":"INFO","timestamp":"2026-04-27T02:17:37.520+0500","caller":"order_consumer/handler.go:20","message":"handler end"}
{"level":"ERROR","timestamp":"2026-04-27T02:17:37.520+0500","caller":"sarama@v1.48.0/consumer_group.go:969","message":"Kafka handler error","error":"failed to unmarshal protobuf: proto: cannot parse invalid wire-format data"}
