{"level":"INFO","timestamp":"2026-04-27T00:44:24.911+0500","caller":"app/app.go:91","message":"🚀 Order Kafka consumer running"}
{"level":"INFO","timestamp":"2026-04-27T00:44:24.918+0500","caller":"order_consumer/consumer.go:30","message":"Starting order consumer service"}
{"level":"INFO","timestamp":"2026-04-27T00:44:27.600+0500","caller":"sarama@v1.47.0/consumer_group.go:869","message":"New session","member_id":"sarama-c9dbcfce-69c5-44a1-8a3a-ca2ea32e91d1","claims":{"order.paid":[0,1]}}
{"level":"INFO","timestamp":"2026-04-27T00:44:39.760+0500","caller":"sarama@v1.47.0/consumer_group.go:976","message":"Kafka session context done"}
{"level":"INFO","timestamp":"2026-04-27T00:44:39.760+0500","caller":"sarama@v1.47.0/consumer_group.go:976","message":"Kafka session context done"}
{"level":"INFO","timestamp":"2026-04-27T00:44:40.263+0500","caller":"order_consumer/consumer.go:32","message":"Kafka consumer group rebalancing..."}
{"level":"INFO","timestamp":"2026-04-27T00:44:40.277+0500","caller":"sarama@v1.47.0/consumer_group.go:869","message":"New session","member_id":"sarama-c9dbcfce-69c5-44a1-8a3a-ca2ea32e91d1","claims":{"order.paid":[1]}}
{"level":"INFO","timestamp":"2026-04-27T00:47:27.582+0500","caller":"runtime/asm_amd64.s:1693","message":"🛑 Получен системный сигнал, начинаем graceful shutdown..."}
{"level":"INFO","timestamp":"2026-04-27T00:47:27.583+0500","caller":"sync/once.go:78","message":"🚦 Начинаем процесс graceful shutdown..."}
{"level":"INFO","timestamp":"2026-04-27T00:47:27.582+0500","caller":"sarama@v1.47.0/consumer_group.go:976","message":"Kafka session context done"}
{"level":"INFO","timestamp":"2026-04-27T00:47:27.583+0500","caller":"closer/closer.go:171","message":"🧩 Закрываем Kafka sync producer..."}
{"level":"INFO","timestamp":"2026-04-27T00:47:27.582+0500","caller":"app/app.go:35","message":"Shutdown signal received"}
{"level":"INFO","timestamp":"2026-04-27T00:47:27.583+0500","caller":"closer/closer.go:171","message":"🧩 Закрываем Kafka consumer group..."}
{"level":"INFO","timestamp":"2026-04-27T00:47:27.583+0500","caller":"closer/closer.go:171","message":"✅ Kafka sync producer успешно закрыт за 79.792µs"}
{"level":"ERROR","timestamp":"2026-04-27T00:47:27.711+0500","caller":"order_consumer/consumer.go:34","message":"Failed to start order consumer service","error":"context canceled"}
{"level":"INFO","timestamp":"2026-04-27T00:47:27.712+0500","caller":"closer/closer.go:171","message":"✅ Kafka consumer group успешно закрыт за 129.395762ms"}
{"level":"INFO","timestamp":"2026-04-27T00:47:27.712+0500","caller":"sync/once.go:78","message":"✅ Все ресурсы успешно закрыты"}
","partition":0,"offset":4}
{"level":"INFO","timestamp":"2026-04-27T00:44:59.149+0500","caller":"consumer/groupHandler.go:69","message":"Kafka msg received","topic":"order.paid"}
{"level":"INFO","timestamp":"2026-04-27T00:44:59.149+0500","caller":"order_consumer/handler.go:21","message":"Processing message","topic":"order.paid","partition":0,"offset":4,"order_uuid":"27f223be-f0c8-44fe-bc9b-976884c8cfee","event_uuid":"fc1cfdb4-f35d-4a4d-958c-e4f7c8201fff","payment_method":"investor-money","transaction_uuid":"c7fde7b5-feac-432a-ad7e-25807e246a69"}
{"level":"INFO","timestamp":"2026-04-27T00:45:06.153+0500","caller":"order_producer/producer.go:42","message":"Message sent","topic":"order.assembled","partition":0,"offset":10,"key":"fc1cfdb4-f35d-4a4d-958c-e4f7c8201fff","value":"\n$fc1cfdb4-f35d-4a4d-958c-e4f7c8201fff\u0012$27f223be-f0c8-44fe-bc9b-976884c8cfee\u001a$27f223be-f0c8-44fe-bc9b-976884c8cfee \u0007"}
{"level":"INFO","timestamp":"2026-04-27T00:45:06.153+0500","caller":"sarama@v1.47.0/consumer_group.go:976","message":"message received","member_id":"sarama-1e1bbda6-9f6a-457b-95dd-9177ffc08011","key":"d6a3bc05-8da5-4aab-b82d-71c58fff9a2a","partition":0,"offset":5}
{"level":"INFO","timestamp":"2026-04-27T00:45:06.153+0500","caller":"consumer/groupHandler.go:69","message":"Kafka msg received","topic":"order.paid"}
{"level":"INFO","timestamp":"2026-04-27T00:45:06.153+0500","caller":"order_consumer/handler.go:21","message":"Processing message","topic":"order.paid","partition":0,"offset":5,"order_uuid":"d6a3bc05-8da5-4aab-b82d-71c58fff9a2a","event_uuid":"c9009b84-67ad-44a9-84ef-2a77521fa348","payment_method":"investor-money","transaction_uuid":"03d28df9-eada-4fdc-aef6-5cab477c9263"}
{"level":"INFO","timestamp":"2026-04-27T00:45:08.155+0500","caller":"order_producer/producer.go:42","message":"Message sent","topic":"order.assembled","partition":0,"offset":11,"key":"c9009b84-67ad-44a9-84ef-2a77521fa348","value":"\n$c9009b84-67ad-44a9-84ef-2a77521fa348\u0012$d6a3bc05-8da5-4aab-b82d-71c58fff9a2a\u001a$d6a3bc05-8da5-4aab-b82d-71c58fff9a2a \u0002"}
{"level":"INFO","timestamp":"2026-04-27T00:47:28.476+0500","caller":"sarama@v1.47.0/consumer_group.go:976","message":"Kafka session context done"}
{"level":"INFO","timestamp":"2026-04-27T00:47:28.979+0500","caller":"order_consumer/consumer.go:32","message":"Kafka consumer group rebalancing..."}
{"level":"INFO","timestamp":"2026-04-27T00:47:28.989+0500","caller":"sarama@v1.47.0/consumer_group.go:869","message":"New session","member_id":"sarama-1e1bbda6-9f6a-457b-95dd-9177ffc08011","claims":{"order.paid":[0,1]}}
{"level":"INFO","timestamp":"2026-04-27T00:47:38.122+0500","caller":"sarama@v1.47.0/consumer_group.go:976","message":"Kafka session context done"}
{"level":"INFO","timestamp":"2026-04-27T00:47:38.122+0500","caller":"sarama@v1.47.0/consumer_group.go:976","message":"Kafka session context done"}
{"level":"INFO","timestamp":"2026-04-27T00:47:38.623+0500","caller":"order_consumer/consumer.go:32","message":"Kafka consumer group rebalancing..."}
{"level":"INFO","timestamp":"2026-04-27T00:47:38.634+0500","caller":"sarama@v1.47.0/consumer_group.go:869","message":"New session","member_id":"sarama-1e1bbda6-9f6a-457b-95dd-9177ffc08011","claims":{"order.paid":[1]}}
{"level":"INFO","timestamp":"2026-04-27T00:47:40.269+0500","caller":"app/app.go:35","message":"Shutdown signal received"}
{"level":"INFO","timestamp":"2026-04-27T00:47:40.269+0500","caller":"sarama@v1.47.0/consumer_group.go:976","message":"Kafka session context done"}
{"level":"INFO","timestamp":"2026-04-27T00:47:40.269+0500","caller":"sync/once.go:78","message":"🚦 Начинаем процесс graceful shutdown..."}
{"level":"INFO","timestamp":"2026-04-27T00:47:40.269+0500","caller":"runtime/asm_amd64.s:1693","message":"🛑 Получен системный сигнал, начинаем graceful shutdown..."}
{"level":"INFO","timestamp":"2026-04-27T00:47:40.270+0500","caller":"closer/closer.go:171","message":"🧩 Закрываем Kafka sync producer..."}
{"level":"INFO","timestamp":"2026-04-27T00:47:40.270+0500","caller":"closer/closer.go:171","message":"🧩 Закрываем Kafka consumer group..."}
{"level":"INFO","timestamp":"2026-04-27T00:47:40.270+0500","caller":"closer/closer.go:171","message":"✅ Kafka sync producer успешно закрыт за 252.872µs"}
{"level":"ERROR","timestamp":"2026-04-27T00:47:40.746+0500","caller":"order_consumer/consumer.go:34","message":"Failed to start order consumer service","error":"context canceled"}
{"level":"INFO","timestamp":"2026-04-27T00:47:40.749+0500","caller":"closer/closer.go:171","message":"✅ Kafka consumer group успешно закрыт за 479.210544ms"}
{"level":"INFO","timestamp":"2026-04-27T00:47:40.749+0500","caller":"sync/once.go:78","message":"✅ Все ресурсы успешно закрыты"}
{"level":"INFO","timestamp":"2026-04-27T01:51:42.421+0500","caller":"app/app.go:91","message":"🚀 Order Kafka consumer running"}
{"level":"INFO","timestamp":"2026-04-27T01:51:42.429+0500","caller":"order_consumer/consumer.go:30","message":"Starting order consumer service"}
{"level":"INFO","timestamp":"2026-04-27T01:51:42.442+0500","caller":"sarama@v1.47.0/consumer_group.go:869","message":"New session","member_id":"sarama-b1871827-b3e1-4dac-89fd-5493af09bd79","claims":{"order.paid":[0,1,2]}}
{"level":"INFO","timestamp":"2026-04-27T01:51:49.391+0500","caller":"app/app.go:91","message":"🚀 Order Kafka consumer running"}
{"level":"INFO","timestamp":"2026-04-27T01:51:49.398+0500","caller":"order_consumer/consumer.go:30","message":"Starting order consumer service"}
{"level":"INFO","timestamp":"2026-04-27T01:51:51.579+0500","caller":"sarama@v1.47.0/consumer_group.go:976","message":"Kafka session context done"}
{"level":"INFO","timestamp":"2026-04-27T01:51:51.579+0500","caller":"sarama@v1.47.0/consumer_group.go:976","message":"Kafka session context done"}
{"level":"INFO","timestamp":"2026-04-27T01:51:51.579+0500","caller":"sarama@v1.47.0/consumer_group.go:976","message":"Kafka session context done"}
{"level":"INFO","timestamp":"2026-04-27T01:51:52.081+0500","caller":"order_consumer/consumer.go:32","message":"Kafka consumer group rebalancing..."}
{"level":"INFO","timestamp":"2026-04-27T01:51:52.089+0500","caller":"sarama@v1.47.0/consumer_group.go:869","message":"New session","member_id":"sarama-b1871827-b3e1-4dac-89fd-5493af09bd79","claims":{"order.paid":[1]}}
{"level":"INFO","timestamp":"2026-04-27T01:51:52.090+0500","caller":"sarama@v1.47.0/consumer_group.go:869","message":"New session","member_id":"sarama-03b60547-7497-4cdf-8399-013056450552","claims":{"order.paid":[0,2]}}
{"level":"INFO","timestamp":"2026-04-27T01:52:16.089+0500","caller":"sarama@v1.47.0/consumer_group.go:976","message":"Kafka session context done"}
{"level":"INFO","timestamp":"2026-04-27T01:52:16.092+0500","caller":"order_consumer/consumer.go:32","message":"Kafka consumer group rebalancing..."}
{"level":"INFO","timestamp":"2026-04-27T01:52:16.102+0500","caller":"sarama@v1.47.0/consumer_group.go:869","message":"New session","member_id":"sarama-b1871827-b3e1-4dac-89fd-5493af09bd79","claims":{"order.paid":[0,1,2]}}
{"level":"INFO","timestamp":"2026-04-27T01:52:50.735+0500","caller":"app/app.go:35","message":"Shutdown signal received"}
{"level":"INFO","timestamp":"2026-04-27T01:52:50.735+0500","caller":"sync/once.go:78","message":"🚦 Начинаем процесс graceful shutdown..."}
{"level":"INFO","timestamp":"2026-04-27T01:52:50.735+0500","caller":"sarama@v1.47.0/consumer_group.go:976","message":"Kafka session context done"}
{"level":"INFO","timestamp":"2026-04-27T01:52:50.735+0500","caller":"sarama@v1.47.0/consumer_group.go:976","message":"Kafka session context done"}
{"level":"INFO","timestamp":"2026-04-27T01:52:50.735+0500","caller":"sarama@v1.47.0/consumer_group.go:976","message":"Kafka session context done"}
{"level":"INFO","timestamp":"2026-04-27T01:52:50.735+0500","caller":"runtime/asm_amd64.s:1693","message":"🛑 Получен системный сигнал, начинаем graceful shutdown..."}
{"level":"INFO","timestamp":"2026-04-27T01:52:50.735+0500","caller":"closer/closer.go:171","message":"🧩 Закрываем Kafka consumer group..."}
{"level":"INFO","timestamp":"2026-04-27T01:52:50.735+0500","caller":"closer/closer.go:171","message":"🧩 Закрываем Kafka sync producer..."}
{"level":"INFO","timestamp":"2026-04-27T01:52:50.736+0500","caller":"closer/closer.go:171","message":"✅ Kafka sync producer успешно закрыт за 412.15µs"}
{"level":"ERROR","timestamp":"2026-04-27T01:52:51.040+0500","caller":"order_consumer/consumer.go:34","message":"Failed to start order consumer service","error":"context canceled"}
{"level":"INFO","timestamp":"2026-04-27T01:52:51.043+0500","caller":"closer/closer.go:171","message":"✅ Kafka consumer group успешно закрыт за 307.821885ms"}
{"level":"INFO","timestamp":"2026-04-27T01:52:51.043+0500","caller":"sync/once.go:78","message":"✅ Все ресурсы успешно закрыты"}
{"level":"INFO","timestamp":"2026-04-27T01:52:56.308+0500","caller":"app/app.go:91","message":"🚀 Order Kafka consumer running"}
{"level":"INFO","timestamp":"2026-04-27T01:52:56.316+0500","caller":"order_consumer/consumer.go:30","message":"Starting order consumer service"}
{"level":"INFO","timestamp":"2026-04-27T01:52:56.326+0500","caller":"sarama@v1.47.0/consumer_group.go:869","message":"New session","member_id":"sarama-16a699df-2315-41da-bd70-ea3b44bd8936","claims":{"order.paid":[0]}}
{"level":"INFO","timestamp":"2026-04-27T01:53:18.748+0500","caller":"app/app.go:35","message":"Shutdown signal received"}
{"level":"INFO","timestamp":"2026-04-27T01:53:18.748+0500","caller":"sync/once.go:78","message":"🚦 Начинаем процесс graceful shutdown..."}
{"level":"INFO","timestamp":"2026-04-27T01:53:18.748+0500","caller":"runtime/asm_amd64.s:1693","message":"🛑 Получен системный сигнал, начинаем graceful shutdown..."}
{"level":"INFO","timestamp":"2026-04-27T01:53:18.748+0500","caller":"sarama@v1.47.0/consumer_group.go:976","message":"Kafka session context done"}
{"level":"INFO","timestamp":"2026-04-27T01:53:18.748+0500","caller":"closer/closer.go:171","message":"🧩 Закрываем Kafka sync producer..."}
{"level":"INFO","timestamp":"2026-04-27T01:53:18.748+0500","caller":"closer/closer.go:171","message":"🧩 Закрываем Kafka consumer group..."}
{"level":"INFO","timestamp":"2026-04-27T01:53:18.749+0500","caller":"closer/closer.go:171","message":"✅ Kafka sync producer успешно закрыт за 137.104µs"}
{"level":"ERROR","timestamp":"2026-04-27T01:53:19.097+0500","caller":"order_consumer/consumer.go:34","message":"Failed to start order consumer service","error":"context canceled"}
{"level":"INFO","timestamp":"2026-04-27T01:53:19.100+0500","caller":"closer/closer.go:171","message":"✅ Kafka consumer group успешно закрыт за 351.477912ms"}
{"level":"INFO","timestamp":"2026-04-27T01:53:19.100+0500","caller":"sync/once.go:78","message":"✅ Все ресурсы успешно закрыты"}
{"level":"INFO","timestamp":"2026-04-27T01:53:21.144+0500","caller":"app/app.go:91","message":"🚀 Order Kafka consumer running"}
{"level":"INFO","timestamp":"2026-04-27T01:53:21.150+0500","caller":"order_consumer/consumer.go:30","message":"Starting order consumer service"}
{"level":"INFO","timestamp":"2026-04-27T01:53:21.161+0500","caller":"sarama@v1.47.0/consumer_group.go:869","message":"New session","member_id":"sarama-ac7405b2-34e7-4985-aa86-07a3fe93094e","claims":{"order.paid":[0,1]}}
{"level":"INFO","timestamp":"2026-04-27T01:53:26.217+0500","caller":"app/app.go:91","message":"🚀 Order Kafka consumer running"}
{"level":"INFO","timestamp":"2026-04-27T01:53:26.223+0500","caller":"order_consumer/consumer.go:30","message":"Starting order consumer service"}
{"level":"INFO","timestamp":"2026-04-27T01:53:27.288+0500","caller":"sarama@v1.47.0/consumer_group.go:976","message":"Kafka session context done"}
{"level":"INFO","timestamp":"2026-04-27T01:53:27.288+0500","caller":"sarama@v1.47.0/consumer_group.go:976","message":"Kafka session context done"}
{"level":"INFO","timestamp":"2026-04-27T01:53:27.792+0500","caller":"order_consumer/consumer.go:32","message":"Kafka consumer group rebalancing..."}
{"level":"INFO","timestamp":"2026-04-27T01:53:27.801+0500","caller":"sarama@v1.47.0/consumer_group.go:869","message":"New session","member_id":"sarama-ac7405b2-34e7-4985-aa86-07a3fe93094e","claims":{"order.paid":[0]}}
{"level":"INFO","timestamp":"2026-04-27T01:53:27.801+0500","caller":"sarama@v1.47.0/consumer_group.go:869","message":"New session","member_id":"sarama-b9aadb7b-540b-44ec-9692-4f50c6878c50","claims":{"order.paid":[1]}}
{"level":"INFO","timestamp":"2026-04-27T01:54:21.378+0500","caller":"sarama@v1.47.0/consumer_group.go:976","message":"message received","member_id":"sarama-ac7405b2-34e7-4985-aa86-07a3fe93094e","key":"d6a3bc05-8da5-4aab-b82d-71c58fff9a2a","partition":0,"offset":0}
{"level":"INFO","timestamp":"2026-04-27T01:54:21.379+0500","caller":"consumer/groupHandler.go:69","message":"Kafka msg received","topic":"order.paid"}
{"level":"INFO","timestamp":"2026-04-27T01:54:21.379+0500","caller":"order_consumer/handler.go:21","message":"Processing message","topic":"order.paid","partition":0,"offset":0,"order_uuid":"d6a3bc05-8da5-4aab-b82d-71c58fff9a2a","event_uuid":"982eb37e-69d4-4d8e-b53f-3e3d28ac38e5","payment_method":"investor-money","transaction_uuid":"47f6eaed-be05-4770-ac77-b468637df6d9"}
{"level":"INFO","timestamp":"2026-04-27T01:54:23.391+0500","caller":"order_producer/producer.go:42","message":"Message sent","topic":"order.assembled","partition":0,"offset":6,"key":"982eb37e-69d4-4d8e-b53f-3e3d28ac38e5","value":"\n$982eb37e-69d4-4d8e-b53f-3e3d28ac38e5\u0012$d6a3bc05-8da5-4aab-b82d-71c58fff9a2a\u001a$d6a3bc05-8da5-4aab-b82d-71c58fff9a2a \u0002"}
{"level":"INFO","timestamp":"2026-04-27T01:55:24.554+0500","caller":"sarama@v1.47.0/consumer_group.go:976","message":"message received","member_id":"sarama-ac7405b2-34e7-4985-aa86-07a3fe93094e","key":"c2376ab6-d3d4-43b9-9b6d-a44fe1c072f2","partition":0,"offset":1}
{"level":"INFO","timestamp":"2026-04-27T01:55:24.554+0500","caller":"consumer/groupHandler.go:69","message":"Kafka msg received","topic":"order.paid"}
{"level":"INFO","timestamp":"2026-04-27T01:55:24.554+0500","caller":"order_consumer/handler.go:21","message":"Processing message","topic":"order.paid","partition":0,"offset":1,"order_uuid":"c2376ab6-d3d4-43b9-9b6d-a44fe1c072f2","event_uuid":"1993ef6a-2976-4a0a-bbb2-ce4b6c6be579","payment_method":"investor-money","transaction_uuid":"26fce026-0a80-4c9e-aceb-d20e4539145c"}
{"level":"INFO","timestamp":"2026-04-27T01:55:33.559+0500","caller":"order_producer/producer.go:42","message":"Message sent","topic":"order.assembled","partition":0,"offset":7,"key":"1993ef6a-2976-4a0a-bbb2-ce4b6c6be579","value":"\n$1993ef6a-2976-4a0a-bbb2-ce4b6c6be579\u0012$c2376ab6-d3d4-43b9-9b6d-a44fe1c072f2\u001a$c2376ab6-d3d4-43b9-9b6d-a44fe1c072f2 \t"}
{"level":"INFO","timestamp":"2026-04-27T01:55:52.148+0500","caller":"sarama@v1.47.0/consumer_group.go:976","message":"message received","member_id":"sarama-ac7405b2-34e7-4985-aa86-07a3fe93094e","key":"27f223be-f0c8-44fe-bc9b-976884c8cfee","partition":0,"offset":2}
{"level":"INFO","timestamp":"2026-04-27T01:55:52.149+0500","caller":"consumer/groupHandler.go:69","message":"Kafka msg received","topic":"order.paid"}
{"level":"INFO","timestamp":"2026-04-27T01:55:52.149+0500","caller":"order_consumer/handler.go:21","message":"Processing message","topic":"order.paid","partition":0,"offset":2,"order_uuid":"27f223be-f0c8-44fe-bc9b-976884c8cfee","event_uuid":"23853835-0626-4a18-8bd0-e60079113923","payment_method":"investor-money","transaction_uuid":"44e2d7a7-c2a3-4ca7-877b-d8c49ab9743c"}
{"level":"INFO","timestamp":"2026-04-27T01:55:57.153+0500","caller":"order_producer/producer.go:42","message":"Message sent","topic":"order.assembled","partition":0,"offset":8,"key":"23853835-0626-4a18-8bd0-e60079113923","value":"\n$23853835-0626-4a18-8bd0-e60079113923\u0012$27f223be-f0c8-44fe-bc9b-976884c8cfee\u001a$27f223be-f0c8-44fe-bc9b-976884c8cfee \u0005"}
{"level":"INFO","timestamp":"2026-04-27T01:56:44.710+0500","caller":"app/app.go:93","message":"🚀 gRPC InventoryService server listening on localhost:50051"}
{"level":"INFO","timestamp":"2026-04-27T01:57:01.259+0500","caller":"app/app.go:173","message":"🗄️ Database initialized and migrations applied"}
{"level":"INFO","timestamp":"2026-04-27T01:57:01.266+0500","caller":"app/app.go:36","message":"🚀 HTTP OrderService server listening on localhost:8080"}
{"level":"INFO","timestamp":"2026-04-27T01:57:01.266+0500","caller":"app/app.go:47","message":"🚀 Order Kafka consumer running"}
{"level":"INFO","timestamp":"2026-04-27T01:57:01.275+0500","caller":"order_consumer/consumer.go:31","message":"Starting order consumer service"}
{"level":"INFO","timestamp":"2026-04-27T01:57:01.295+0500","caller":"sarama@v1.47.0/consumer_group.go:869","message":"New session","member_id":"sarama-8ea246f5-6746-42a9-a038-082e41877b62","claims":{"order.assembled":[0]}}
{"level":"INFO","timestamp":"2026-04-27T01:57:01.401+0500","caller":"sarama@v1.47.0/consumer_group.go:976","message":"message received","member_id":"sarama-8ea246f5-6746-42a9-a038-082e41877b62","key":"98e62964-23c9-4876-9980-7088f5dea15b","partition":0,"offset":0}
{"level":"INFO","timestamp":"2026-04-27T01:57:01.401+0500","caller":"consumer/groupHandler.go:69","message":"Kafka msg received","topic":"order.assembled"}
{"level":"INFO","timestamp":"2026-04-27T01:57:01.402+0500","caller":"order_consumer/handler.go:21","message":"Processing message","topic":"order.assembled","partition":0,"offset":0,"order_uuid":"27f223be-f0c8-44fe-bc9b-976884c8cfee","event_uuid":"98e62964-23c9-4876-9980-7088f5dea15b","user_uuid":"27f223be-f0c8-44fe-bc9b-976884c8cfee","build_time_sec":6}
{"level":"INFO","timestamp":"2026-04-27T01:57:01.412+0500","caller":"sarama@v1.47.0/consumer_group.go:976","message":"message received","member_id":"sarama-8ea246f5-6746-42a9-a038-082e41877b62","key":"59d35f8b-cc1a-4587-8463-62c0501fe7cf","partition":0,"offset":1}
{"level":"INFO","timestamp":"2026-04-27T01:57:01.412+0500","caller":"consumer/groupHandler.go:69","message":"Kafka msg received","topic":"order.assembled"}
{"level":"INFO","timestamp":"2026-04-27T01:57:01.412+0500","caller":"order_consumer/handler.go:21","message":"Processing message","topic":"order.assembled","partition":0,"offset":1,"order_uuid":"27f223be-f0c8-44fe-bc9b-976884c8cfee","event_uuid":"59d35f8b-cc1a-4587-8463-62c0501fe7cf","user_uuid":"27f223be-f0c8-44fe-bc9b-976884c8cfee","build_time_sec":4}
{"level":"INFO","timestamp":"2026-04-27T01:57:01.415+0500","caller":"sarama@v1.47.0/consumer_group.go:976","message":"message received","member_id":"sarama-8ea246f5-6746-42a9-a038-082e41877b62","key":"06744f42-1f92-4beb-94da-35232d234795","partition":0,"offset":2}
{"level":"INFO","timestamp":"2026-04-27T01:57:01.415+0500","caller":"consumer/groupHandler.go:69","message":"Kafka msg received","topic":"order.assembled"}
{"level":"INFO","timestamp":"2026-04-27T01:57:01.415+0500","caller":"order_consumer/handler.go:21","message":"Processing message","topic":"order.assembled","partition":0,"offset":2,"order_uuid":"c2376ab6-d3d4-43b9-9b6d-a44fe1c072f2","event_uuid":"06744f42-1f92-4beb-94da-35232d234795","user_uuid":"c2376ab6-d3d4-43b9-9b6d-a44fe1c072f2","build_time_sec":4}
{"level":"INFO","timestamp":"2026-04-27T01:57:01.419+0500","caller":"sarama@v1.47.0/consumer_group.go:976","message":"message received","member_id":"sarama-8ea246f5-6746-42a9-a038-082e41877b62","key":"787d805c-a2bc-4cc5-abfb-68ce9b8f4f17","partition":0,"offset":3}
{"level":"INFO","timestamp":"2026-04-27T01:57:01.419+0500","caller":"consumer/groupHandler.go:69","message":"Kafka msg received","topic":"order.assembled"}
{"level":"INFO","timestamp":"2026-04-27T01:57:01.419+0500","caller":"order_consumer/handler.go:21","message":"Processing message","topic":"order.assembled","partition":0,"offset":3,"order_uuid":"d6a3bc05-8da5-4aab-b82d-71c58fff9a2a","event_uuid":"787d805c-a2bc-4cc5-abfb-68ce9b8f4f17","user_uuid":"d6a3bc05-8da5-4aab-b82d-71c58fff9a2a","build_time_sec":2}
{"level":"INFO","timestamp":"2026-04-27T01:57:01.422+0500","caller":"sarama@v1.47.0/consumer_group.go:976","message":"message received","member_id":"sarama-8ea246f5-6746-42a9-a038-082e41877b62","key":"acda4381-bf16-4b04-9b06-8e67b4169bad","partition":0,"offset":4}
{"level":"INFO","timestamp":"2026-04-27T01:57:01.422+0500","caller":"consumer/groupHandler.go:69","message":"Kafka msg received","topic":"order.assembled"}
{"level":"INFO","timestamp":"2026-04-27T01:57:01.422+0500","caller":"order_consumer/handler.go:21","message":"Processing message","topic":"order.assembled","partition":0,"offset":4,"order_uuid":"d6a3bc05-8da5-4aab-b82d-71c58fff9a2a","event_uuid":"acda4381-bf16-4b04-9b06-8e67b4169bad","user_uuid":"d6a3bc05-8da5-4aab-b82d-71c58fff9a2a","build_time_sec":5}
{"level":"INFO","timestamp":"2026-04-27T01:57:01.425+0500","caller":"sarama@v1.47.0/consumer_group.go:976","message":"message received","member_id":"sarama-8ea246f5-6746-42a9-a038-082e41877b62","key":"72b84adb-88dc-42b5-88eb-1375fb7fc33c","partition":0,"offset":5}
{"level":"INFO","timestamp":"2026-04-27T01:57:01.425+0500","caller":"consumer/groupHandler.go:69","message":"Kafka msg received","topic":"order.assembled"}
{"level":"INFO","timestamp":"2026-04-27T01:57:01.425+0500","caller":"order_consumer/handler.go:21","message":"Processing message","topic":"order.assembled","partition":0,"offset":5,"order_uuid":"c2376ab6-d3d4-43b9-9b6d-a44fe1c072f2","event_uuid":"72b84adb-88dc-42b5-88eb-1375fb7fc33c","user_uuid":"c2376ab6-d3d4-43b9-9b6d-a44fe1c072f2","build_time_sec":8}
{"level":"INFO","timestamp":"2026-04-27T01:57:01.428+0500","caller":"sarama@v1.47.0/consumer_group.go:976","message":"message received","member_id":"sarama-8ea246f5-6746-42a9-a038-082e41877b62","key":"982eb37e-69d4-4d8e-b53f-3e3d28ac38e5","partition":0,"offset":6}
{"level":"INFO","timestamp":"2026-04-27T01:57:01.428+0500","caller":"consumer/groupHandler.go:69","message":"Kafka msg received","topic":"order.assembled"}
{"level":"INFO","timestamp":"2026-04-27T01:57:01.428+0500","caller":"order_consumer/handler.go:21","message":"Processing message","topic":"order.assembled","partition":0,"offset":6,"order_uuid":"d6a3bc05-8da5-4aab-b82d-71c58fff9a2a","event_uuid":"982eb37e-69d4-4d8e-b53f-3e3d28ac38e5","user_uuid":"d6a3bc05-8da5-4aab-b82d-71c58fff9a2a","build_time_sec":2}
{"level":"INFO","timestamp":"2026-04-27T01:57:01.430+0500","caller":"sarama@v1.47.0/consumer_group.go:976","message":"message received","member_id":"sarama-8ea246f5-6746-42a9-a038-082e41877b62","key":"1993ef6a-2976-4a0a-bbb2-ce4b6c6be579","partition":0,"offset":7}
{"level":"INFO","timestamp":"2026-04-27T01:57:01.430+0500","caller":"consumer/groupHandler.go:69","message":"Kafka msg received","topic":"order.assembled"}
{"level":"INFO","timestamp":"2026-04-27T01:57:01.430+0500","caller":"order_consumer/handler.go:21","message":"Processing message","topic":"order.assembled","partition":0,"offset":7,"order_uuid":"c2376ab6-d3d4-43b9-9b6d-a44fe1c072f2","event_uuid":"1993ef6a-2976-4a0a-bbb2-ce4b6c6be579","user_uuid":"c2376ab6-d3d4-43b9-9b6d-a44fe1c072f2","build_time_sec":9}
{"level":"INFO","timestamp":"2026-04-27T01:57:01.433+0500","caller":"sarama@v1.47.0/consumer_group.go:976","message":"message received","member_id":"sarama-8ea246f5-6746-42a9-a038-082e41877b62","key":"23853835-0626-4a18-8bd0-e60079113923","partition":0,"offset":8}
{"level":"INFO","timestamp":"2026-04-27T01:57:01.433+0500","caller":"consumer/groupHandler.go:69","message":"Kafka msg received","topic":"order.assembled"}
{"level":"INFO","timestamp":"2026-04-27T01:57:01.433+0500","caller":"order_consumer/handler.go:21","message":"Processing message","topic":"order.assembled","partition":0,"offset":8,"order_uuid":"27f223be-f0c8-44fe-bc9b-976884c8cfee","event_uuid":"23853835-0626-4a18-8bd0-e60079113923","user_uuid":"27f223be-f0c8-44fe-bc9b-976884c8cfee","build_time_sec":5}
{"level":"INFO","timestamp":"2026-04-27T01:57:31.326+0500","caller":"app/app.go:92","message":"🚀 gRPC PaymentService server listening on localhost:50052"}
{"level":"INFO","timestamp":"2026-04-27T01:58:42.707+0500","caller":"payment/payment.go:14","message":"payment succeeded","transaction_uuid":"72b7bb23-d208-401d-a898-2d1fa0b62e55","order_uuid":"d6a3bc05-8da5-4aab-b82d-71c58fff9a2a","user_uuid":"d6a3bc05-8da5-4aab-b82d-71c58fff9a2a","payment_method":4}
{"level":"INFO","timestamp":"2026-04-27T01:58:42.719+0500","caller":"order_producer/producer.go:28","message":"Message sent","topic":"order.paid","partition":0,"offset":3,"key":"d6a3bc05-8da5-4aab-b82d-71c58fff9a2a","value":"\n$7bacaaa5-62ea-47e4-83ff-090c181cf4dc\u0012$d6a3bc05-8da5-4aab-b82d-71c58fff9a2a\u001a$d6a3bc05-8da5-4aab-b82d-71c58fff9a2a\"\u000einvestor-money*$72b7bb23-d208-401d-a898-2d1fa0b62e55"}
{"level":"INFO","timestamp":"2026-04-27T01:58:42.719+0500","caller":"sarama@v1.47.0/consumer_group.go:976","message":"message received","member_id":"sarama-ac7405b2-34e7-4985-aa86-07a3fe93094e","key":"d6a3bc05-8da5-4aab-b82d-71c58fff9a2a","partition":0,"offset":3}
{"level":"INFO","timestamp":"2026-04-27T01:58:42.720+0500","caller":"consumer/groupHandler.go:69","message":"Kafka msg received","topic":"order.paid"}
{"level":"INFO","timestamp":"2026-04-27T01:58:42.720+0500","caller":"order_consumer/handler.go:21","message":"Processing message","topic":"order.paid","partition":0,"offset":3,"order_uuid":"d6a3bc05-8da5-4aab-b82d-71c58fff9a2a","event_uuid":"7bacaaa5-62ea-47e4-83ff-090c181cf4dc","payment_method":"investor-money","transaction_uuid":"72b7bb23-d208-401d-a898-2d1fa0b62e55"}
{"level":"INFO","timestamp":"2026-04-27T01:58:45.724+0500","caller":"order_producer/producer.go:42","message":"Message sent","topic":"order.assembled","partition":0,"offset":9,"key":"7bacaaa5-62ea-47e4-83ff-090c181cf4dc","value":"\n$7bacaaa5-62ea-47e4-83ff-090c181cf4dc\u0012$d6a3bc05-8da5-4aab-b82d-71c58fff9a2a\u001a$d6a3bc05-8da5-4aab-b82d-71c58fff9a2a \u0003"}
{"level":"INFO","timestamp":"2026-04-27T01:58:45.725+0500","caller":"sarama@v1.47.0/consumer_group.go:976","message":"message received","member_id":"sarama-8ea246f5-6746-42a9-a038-082e41877b62","key":"7bacaaa5-62ea-47e4-83ff-090c181cf4dc","partition":0,"offset":9}
{"level":"INFO","timestamp":"2026-04-27T01:58:45.726+0500","caller":"consumer/groupHandler.go:69","message":"Kafka msg received","topic":"order.assembled"}
{"level":"INFO","timestamp":"2026-04-27T01:58:45.726+0500","caller":"order_consumer/handler.go:21","message":"Processing message","topic":"order.assembled","partition":0,"offset":9,"order_uuid":"d6a3bc05-8da5-4aab-b82d-71c58fff9a2a","event_uuid":"7bacaaa5-62ea-47e4-83ff-090c181cf4dc","user_uuid":"d6a3bc05-8da5-4aab-b82d-71c58fff9a2a","build_time_sec":3}
{"level":"INFO","timestamp":"2026-04-27T01:58:58.416+0500","caller":"payment/payment.go:14","message":"payment succeeded","transaction_uuid":"fbad9d16-edcd-4ff5-9159-ad0423aa5f29","order_uuid":"c2376ab6-d3d4-43b9-9b6d-a44fe1c072f2","user_uuid":"c2376ab6-d3d4-43b9-9b6d-a44fe1c072f2","payment_method":4}
{"level":"INFO","timestamp":"2026-04-27T01:58:58.422+0500","caller":"order_producer/producer.go:28","message":"Message sent","topic":"order.paid","partition":0,"offset":4,"key":"c2376ab6-d3d4-43b9-9b6d-a44fe1c072f2","value":"\n$4a7c70ff-8d0a-4fca-8aae-cd1c00450e50\u0012$c2376ab6-d3d4-43b9-9b6d-a44fe1c072f2\u001a$c2376ab6-d3d4-43b9-9b6d-a44fe1c072f2\"\u000einvestor-money*$fbad9d16-edcd-4ff5-9159-ad0423aa5f29"}
{"level":"INFO","timestamp":"2026-04-27T01:58:58.423+0500","caller":"sarama@v1.47.0/consumer_group.go:976","message":"message received","member_id":"sarama-ac7405b2-34e7-4985-aa86-07a3fe93094e","key":"c2376ab6-d3d4-43b9-9b6d-a44fe1c072f2","partition":0,"offset":4}
{"level":"INFO","timestamp":"2026-04-27T01:58:58.423+0500","caller":"consumer/groupHandler.go:69","message":"Kafka msg received","topic":"order.paid"}
{"level":"INFO","timestamp":"2026-04-27T01:58:58.423+0500","caller":"order_consumer/handler.go:21","message":"Processing message","topic":"order.paid","partition":0,"offset":4,"order_uuid":"c2376ab6-d3d4-43b9-9b6d-a44fe1c072f2","event_uuid":"4a7c70ff-8d0a-4fca-8aae-cd1c00450e50","payment_method":"investor-money","transaction_uuid":"fbad9d16-edcd-4ff5-9159-ad0423aa5f29"}
{"level":"INFO","timestamp":"2026-04-27T01:59:05.435+0500","caller":"order_producer/producer.go:42","message":"Message sent","topic":"order.assembled","partition":0,"offset":10,"key":"4a7c70ff-8d0a-4fca-8aae-cd1c00450e50","value":"\n$4a7c70ff-8d0a-4fca-8aae-cd1c00450e50\u0012$c2376ab6-d3d4-43b9-9b6d-a44fe1c072f2\u001a$c2376ab6-d3d4-43b9-9b6d-a44fe1c072f2 \u0007"}
{"level":"INFO","timestamp":"2026-04-27T01:59:05.436+0500","caller":"sarama@v1.47.0/consumer_group.go:976","message":"message received","member_id":"sarama-8ea246f5-6746-42a9-a038-082e41877b62","key":"4a7c70ff-8d0a-4fca-8aae-cd1c00450e50","partition":0,"offset":10}
{"level":"INFO","timestamp":"2026-04-27T01:59:05.436+0500","caller":"consumer/groupHandler.go:69","message":"Kafka msg received","topic":"order.assembled"}
{"level":"INFO","timestamp":"2026-04-27T01:59:05.436+0500","caller":"order_consumer/handler.go:21","message":"Processing message","topic":"order.assembled","partition":0,"offset":10,"order_uuid":"c2376ab6-d3d4-43b9-9b6d-a44fe1c072f2","event_uuid":"4a7c70ff-8d0a-4fca-8aae-cd1c00450e50","user_uuid":"c2376ab6-d3d4-43b9-9b6d-a44fe1c072f2","build_time_sec":7}
{"level":"INFO","timestamp":"2026-04-27T02:01:16.825+0500","caller":"app/app.go:173","message":"🗄️ Database initialized and migrations applied"}
{"level":"INFO","timestamp":"2026-04-27T02:01:16.830+0500","caller":"app/app.go:36","message":"🚀 HTTP OrderService server listening on localhost:8080"}
{"level":"INFO","timestamp":"2026-04-27T02:01:16.830+0500","caller":"app/app.go:47","message":"🚀 Order Kafka consumer running"}
{"level":"ERROR","timestamp":"2026-04-27T02:01:16.831+0500","caller":"app/app.go:82","message":"Component crashed, shutting down","error":"http server crashed: listen tcp 127.0.0.1:8080: bind: address already in use","errorVerbose":"http server crashed: listen tcp 127.0.0.1:8080: bind: address already in use\ngithub.com/mbakhodurov/homeworks/week5/order/internal/app.(*App).Run.func2\n\t/home/mbakhodurov/gomodules/homeworks/week5/order/internal/app/app.go:73\nruntime.goexit\n\t/usr/local/go/src/runtime/asm_amd64.s:1693"}
{"level":"ERROR","timestamp":"2026-04-27T02:01:16.831+0500","caller":"cmd/main.go:41","message":"❌ Ошибка при работе приложения","error":"http server crashed: listen tcp 127.0.0.1:8080: bind: address already in use","errorVerbose":"http server crashed: listen tcp 127.0.0.1:8080: bind: address already in use\ngithub.com/mbakhodurov/homeworks/week5/order/internal/app.(*App).Run.func2\n\t/home/mbakhodurov/gomodules/homeworks/week5/order/internal/app/app.go:73\nruntime.goexit\n\t/usr/local/go/src/runtime/asm_amd64.s:1693"}
{"level":"INFO","timestamp":"2026-04-27T02:01:16.831+0500","caller":"sync/once.go:78","message":"🚦 Начинаем процесс graceful shutdown..."}
{"level":"INFO","timestamp":"2026-04-27T02:01:16.831+0500","caller":"closer/closer.go:171","message":"🧩 Закрываем HTTP server..."}
{"level":"INFO","timestamp":"2026-04-27T02:01:16.831+0500","caller":"closer/closer.go:171","message":"✅ HTTP server успешно закрыт за 81.415µs"}
{"level":"INFO","timestamp":"2026-04-27T02:01:16.831+0500","caller":"closer/closer.go:171","message":"🧩 Закрываем Inventory gRPC connection..."}
{"level":"INFO","timestamp":"2026-04-27T02:01:16.831+0500","caller":"closer/closer.go:171","message":"🧩 Закрываем PostgresSQL connection..."}
{"level":"INFO","timestamp":"2026-04-27T02:01:16.831+0500","caller":"closer/closer.go:171","message":"🧩 Закрываем Payment gRPC connection..."}
{"level":"INFO","timestamp":"2026-04-27T02:01:16.831+0500","caller":"closer/closer.go:171","message":"✅ Payment gRPC connection успешно закрыт за 115.807µs"}
{"level":"INFO","timestamp":"2026-04-27T02:01:16.832+0500","caller":"closer/closer.go:171","message":"🧩 Закрываем Kafka sync producer..."}
{"level":"INFO","timestamp":"2026-04-27T02:01:16.832+0500","caller":"closer/closer.go:171","message":"✅ PostgresSQL connection успешно закрыт за 148.583µs"}
{"level":"INFO","timestamp":"2026-04-27T02:01:16.832+0500","caller":"closer/closer.go:171","message":"✅ Kafka sync producer успешно закрыт за 137.391µs"}
{"level":"INFO","timestamp":"2026-04-27T02:01:16.832+0500","caller":"closer/closer.go:171","message":"✅ Inventory gRPC connection успешно закрыт за 434.641µs"}
{"level":"INFO","timestamp":"2026-04-27T02:01:16.832+0500","caller":"sync/once.go:78","message":"✅ Все ресурсы успешно закрыты"}
{"level":"INFO","timestamp":"2026-04-27T02:01:55.360+0500","caller":"app/app.go:173","message":"🗄️ Database initialized and migrations applied"}
{"level":"INFO","timestamp":"2026-04-27T02:01:55.363+0500","caller":"app/app.go:47","message":"🚀 Order Kafka consumer running"}
{"level":"INFO","timestamp":"2026-04-27T02:01:55.366+0500","caller":"order_consumer/consumer.go:31","message":"Starting order consumer service"}
{"level":"INFO","timestamp":"2026-04-27T02:01:56.149+0500","caller":"sarama@v1.47.0/consumer_group.go:976","message":"Kafka session context done"}
{"level":"INFO","timestamp":"2026-04-27T02:01:56.651+0500","caller":"order_consumer/consumer.go:32","message":"Kafka consumer group rebalancing..."}
{"level":"INFO","timestamp":"2026-04-27T02:01:56.662+0500","caller":"sarama@v1.47.0/consumer_group.go:869","message":"New session","member_id":"sarama-8ea246f5-6746-42a9-a038-082e41877b62","claims":{}}
{"level":"INFO","timestamp":"2026-04-27T02:01:56.664+0500","caller":"sarama@v1.47.0/consumer_group.go:869","message":"New session","member_id":"sarama-002823e3-7a1e-4603-8f07-c4dc15ef665c","claims":{"order.assembled":[0]}}
{"level":"ERROR","timestamp":"2026-04-27T02:02:27.806+0500","caller":"order_consumer/consumer.go:33","message":"Consume from order.assembled topic error","error":"context canceled"}
{"level":"INFO","timestamp":"2026-04-27T02:02:27.806+0500","caller":"app/app.go:80","message":"Shutdown signal received"}
{"level":"INFO","timestamp":"2026-04-27T02:02:27.806+0500","caller":"runtime/asm_amd64.s:1693","message":"🛑 Получен системный сигнал, начинаем graceful shutdown..."}
{"level":"INFO","timestamp":"2026-04-27T02:02:27.806+0500","caller":"sync/once.go:78","message":"🚦 Начинаем процесс graceful shutdown..."}
{"level":"INFO","timestamp":"2026-04-27T02:02:27.806+0500","caller":"closer/closer.go:171","message":"🧩 Закрываем Kafka sync producer..."}
{"level":"INFO","timestamp":"2026-04-27T02:02:27.806+0500","caller":"closer/closer.go:171","message":"🧩 Закрываем Kafka consumer group..."}
{"level":"INFO","timestamp":"2026-04-27T02:02:27.806+0500","caller":"closer/closer.go:171","message":"🧩 Закрываем HTTP server..."}
{"level":"INFO","timestamp":"2026-04-27T02:02:27.806+0500","caller":"closer/closer.go:171","message":"🧩 Закрываем PostgresSQL connection..."}
{"level":"INFO","timestamp":"2026-04-27T02:02:27.806+0500","caller":"closer/closer.go:171","message":"✅ Kafka sync producer успешно закрыт за 120.169µs"}
{"level":"INFO","timestamp":"2026-04-27T02:02:27.806+0500","caller":"closer/closer.go:171","message":"🧩 Закрываем Payment gRPC connection..."}
{"level":"INFO","timestamp":"2026-04-27T02:02:27.806+0500","caller":"closer/closer.go:171","message":"🧩 Закрываем Inventory gRPC connection..."}
{"level":"INFO","timestamp":"2026-04-27T02:02:27.806+0500","caller":"closer/closer.go:171","message":"✅ HTTP server успешно закрыт за 337.239µs"}
{"level":"INFO","timestamp":"2026-04-27T02:02:27.807+0500","caller":"closer/closer.go:171","message":"✅ PostgresSQL connection успешно закрыт за 314.576µs"}
{"level":"INFO","timestamp":"2026-04-27T02:02:27.807+0500","caller":"closer/closer.go:171","message":"✅ Inventory gRPC connection успешно закрыт за 340.027µs"}
{"level":"INFO","timestamp":"2026-04-27T02:02:27.807+0500","caller":"closer/closer.go:171","message":"✅ Payment gRPC connection успешно закрыт за 758.382µs"}
{"level":"INFO","timestamp":"2026-04-27T02:02:27.808+0500","caller":"closer/closer.go:171","message":"✅ Kafka consumer group успешно закрыт за 1.700284ms"}
{"level":"INFO","timestamp":"2026-04-27T02:02:27.808+0500","caller":"sync/once.go:78","message":"✅ Все ресурсы успешно закрыты"}
{"level":"INFO","timestamp":"2026-04-27T02:02:29.191+0500","caller":"app/app.go:173","message":"🗄️ Database initialized and migrations applied"}
{"level":"INFO","timestamp":"2026-04-27T02:02:29.203+0500","caller":"app/app.go:47","message":"🚀 Order Kafka consumer running"}
{"level":"INFO","timestamp":"2026-04-27T02:02:29.206+0500","caller":"order_consumer/consumer.go:31","message":"Starting order consumer service"}
{"level":"INFO","timestamp":"2026-04-27T02:02:30.415+0500","caller":"sarama@v1.47.0/consumer_group.go:976","message":"Kafka session context done"}
{"level":"INFO","timestamp":"2026-04-27T02:02:30.918+0500","caller":"order_consumer/consumer.go:32","message":"Kafka consumer group rebalancing..."}
{"level":"INFO","timestamp":"2026-04-27T02:02:30.927+0500","caller":"sarama@v1.47.0/consumer_group.go:869","message":"New session","member_id":"sarama-002823e3-7a1e-4603-8f07-c4dc15ef665c","claims":{"order.assembled":[0]}}
{"level":"INFO","timestamp":"2026-04-27T02:02:30.927+0500","caller":"sarama@v1.47.0/consumer_group.go:869","message":"New session","member_id":"sarama-a8124c25-8820-4b90-9a01-2553021f0f6a","claims":{"order.assembled":[1]}}
{"level":"INFO","timestamp":"2026-04-27T02:04:09.925+0500","caller":"runtime/asm_amd64.s:1693","message":"🛑 Получен системный сигнал, начинаем graceful shutdown..."}
{"level":"INFO","timestamp":"2026-04-27T02:04:09.925+0500","caller":"sync/once.go:78","message":"🚦 Начинаем процесс graceful shutdown..."}
{"level":"INFO","timestamp":"2026-04-27T02:04:09.925+0500","caller":"app/app.go:80","message":"Shutdown signal received"}
{"level":"INFO","timestamp":"2026-04-27T02:04:09.925+0500","caller":"sarama@v1.47.0/consumer_group.go:976","message":"Kafka session context done"}
{"level":"INFO","timestamp":"2026-04-27T02:04:09.925+0500","caller":"closer/closer.go:171","message":"🧩 Закрываем Kafka consumer group..."}
{"level":"INFO","timestamp":"2026-04-27T02:04:09.925+0500","caller":"closer/closer.go:171","message":"🧩 Закрываем Payment gRPC connection..."}
{"level":"INFO","timestamp":"2026-04-27T02:04:09.925+0500","caller":"closer/closer.go:171","message":"🧩 Закрываем Inventory gRPC connection..."}
{"level":"INFO","timestamp":"2026-04-27T02:04:09.925+0500","caller":"closer/closer.go:171","message":"🧩 Закрываем HTTP server..."}
{"level":"INFO","timestamp":"2026-04-27T02:04:09.925+0500","caller":"closer/closer.go:171","message":"✅ Payment gRPC connection успешно закрыт за 111.315µs"}
{"level":"INFO","timestamp":"2026-04-27T02:04:09.925+0500","caller":"closer/closer.go:171","message":"🧩 Закрываем PostgresSQL connection..."}
{"level":"INFO","timestamp":"2026-04-27T02:04:09.925+0500","caller":"closer/closer.go:171","message":"🧩 Закрываем Kafka sync producer..."}
{"level":"INFO","timestamp":"2026-04-27T02:04:09.925+0500","caller":"closer/closer.go:171","message":"✅ HTTP server успешно закрыт за 103.899µs"}
{"level":"INFO","timestamp":"2026-04-27T02:04:09.925+0500","caller":"closer/closer.go:171","message":"✅ Inventory gRPC connection успешно закрыт за 224.423µs"}
{"level":"INFO","timestamp":"2026-04-27T02:04:09.926+0500","caller":"closer/closer.go:171","message":"✅ Kafka sync producer успешно закрыт за 151.264µs"}
{"level":"INFO","timestamp":"2026-04-27T02:04:09.926+0500","caller":"closer/closer.go:171","message":"✅ PostgresSQL connection успешно закрыт за 305.94µs"}
{"level":"ERROR","timestamp":"2026-04-27T02:04:10.056+0500","caller":"order_consumer/consumer.go:33","message":"Consume from order.assembled topic error","error":"context canceled"}
{"level":"INFO","timestamp":"2026-04-27T02:04:10.057+0500","caller":"closer/closer.go:171","message":"✅ Kafka consumer group успешно закрыт за 132.102587ms"}
{"level":"INFO","timestamp":"2026-04-27T02:04:10.057+0500","caller":"sync/once.go:78","message":"✅ Все ресурсы успешно закрыты"}
{"level":"INFO","timestamp":"2026-04-27T02:04:10.586+0500","caller":"sarama@v1.47.0/consumer_group.go:976","message":"Kafka session context done"}
{"level":"INFO","timestamp":"2026-04-27T02:04:11.080+0500","caller":"order_consumer/consumer.go:32","message":"Kafka consumer group rebalancing..."}
{"level":"INFO","timestamp":"2026-04-27T02:04:11.091+0500","caller":"sarama@v1.47.0/consumer_group.go:869","message":"New session","member_id":"sarama-a8124c25-8820-4b90-9a01-2553021f0f6a","claims":{"order.assembled":[0,1]}}
{"level":"INFO","timestamp":"2026-04-27T02:04:13.376+0500","caller":"app/app.go:173","message":"🗄️ Database initialized and migrations applied"}
{"level":"INFO","timestamp":"2026-04-27T02:04:13.380+0500","caller":"app/app.go:47","message":"🚀 Order Kafka consumer running"}
{"level":"INFO","timestamp":"2026-04-27T02:04:13.383+0500","caller":"order_consumer/consumer.go:31","message":"Starting order consumer service"}
{"level":"INFO","timestamp":"2026-04-27T02:04:14.208+0500","caller":"sarama@v1.47.0/consumer_group.go:976","message":"Kafka session context done"}
{"level":"INFO","timestamp":"2026-04-27T02:04:14.208+0500","caller":"sarama@v1.47.0/consumer_group.go:976","message":"Kafka session context done"}
{"level":"INFO","timestamp":"2026-04-27T02:04:14.710+0500","caller":"order_consumer/consumer.go:32","message":"Kafka consumer group rebalancing..."}
{"level":"INFO","timestamp":"2026-04-27T02:04:14.727+0500","caller":"sarama@v1.47.0/consumer_group.go:869","message":"New session","member_id":"sarama-c4ad4122-70af-4e4e-a144-2fd8c1a62be7","claims":{"order.assembled":[1]}}
{"level":"INFO","timestamp":"2026-04-27T02:04:14.728+0500","caller":"sarama@v1.47.0/consumer_group.go:869","message":"New session","member_id":"sarama-a8124c25-8820-4b90-9a01-2553021f0f6a","claims":{"order.assembled":[0]}}
{"level":"INFO","timestamp":"2026-04-27T02:04:27.814+0500","caller":"app/app.go:80","message":"Shutdown signal received"}
{"level":"INFO","timestamp":"2026-04-27T02:04:27.814+0500","caller":"sarama@v1.47.0/consumer_group.go:976","message":"Kafka session context done"}
{"level":"INFO","timestamp":"2026-04-27T02:04:27.814+0500","caller":"runtime/asm_amd64.s:1693","message":"🛑 Получен системный сигнал, начинаем graceful shutdown..."}
{"level":"INFO","timestamp":"2026-04-27T02:04:27.814+0500","caller":"sync/once.go:78","message":"🚦 Начинаем процесс graceful shutdown..."}
{"level":"INFO","timestamp":"2026-04-27T02:04:27.814+0500","caller":"closer/closer.go:171","message":"🧩 Закрываем Kafka consumer group..."}
{"level":"INFO","timestamp":"2026-04-27T02:04:27.814+0500","caller":"closer/closer.go:171","message":"🧩 Закрываем Inventory gRPC connection..."}
{"level":"INFO","timestamp":"2026-04-27T02:04:27.814+0500","caller":"closer/closer.go:171","message":"🧩 Закрываем Payment gRPC connection..."}
{"level":"INFO","timestamp":"2026-04-27T02:04:27.814+0500","caller":"closer/closer.go:171","message":"🧩 Закрываем HTTP server..."}
{"level":"INFO","timestamp":"2026-04-27T02:04:27.814+0500","caller":"closer/closer.go:171","message":"🧩 Закрываем Kafka sync producer..."}
{"level":"INFO","timestamp":"2026-04-27T02:04:27.814+0500","caller":"closer/closer.go:171","message":"🧩 Закрываем PostgresSQL connection..."}
{"level":"INFO","timestamp":"2026-04-27T02:04:27.814+0500","caller":"closer/closer.go:171","message":"✅ HTTP server успешно закрыт за 171.095µs"}
{"level":"INFO","timestamp":"2026-04-27T02:04:27.814+0500","caller":"closer/closer.go:171","message":"✅ Kafka sync producer успешно закрыт за 321.673µs"}
{"level":"INFO","timestamp":"2026-04-27T02:04:27.814+0500","caller":"closer/closer.go:171","message":"✅ Payment gRPC connection успешно закрыт за 362.541µs"}
{"level":"INFO","timestamp":"2026-04-27T02:04:27.814+0500","caller":"closer/closer.go:171","message":"✅ Inventory gRPC connection успешно закрыт за 532.674µs"}
{"level":"INFO","timestamp":"2026-04-27T02:04:27.815+0500","caller":"closer/closer.go:171","message":"✅ PostgresSQL connection успешно закрыт за 504.911µs"}
{"level":"ERROR","timestamp":"2026-04-27T02:04:27.884+0500","caller":"order_consumer/consumer.go:33","message":"Consume from order.assembled topic error","error":"context canceled"}
{"level":"INFO","timestamp":"2026-04-27T02:04:27.886+0500","caller":"closer/closer.go:171","message":"✅ Kafka consumer group успешно закрыт за 71.852723ms"}
{"level":"INFO","timestamp":"2026-04-27T02:04:27.886+0500","caller":"sync/once.go:78","message":"✅ Все ресурсы успешно закрыты"}
{"level":"INFO","timestamp":"2026-04-27T02:04:29.423+0500","caller":"app/app.go:173","message":"🗄️ Database initialized and migrations applied"}
{"level":"INFO","timestamp":"2026-04-27T02:04:29.426+0500","caller":"app/app.go:47","message":"🚀 Order Kafka consumer running"}
{"level":"INFO","timestamp":"2026-04-27T02:04:29.426+0500","caller":"app/app.go:36","message":"🚀 HTTP OrderService server listening on localhost:8080"}
{"level":"INFO","timestamp":"2026-04-27T02:04:29.428+0500","caller":"order_consumer/consumer.go:31","message":"Starting order consumer service"}
{"level":"INFO","timestamp":"2026-04-27T02:04:30.395+0500","caller":"sarama@v1.47.0/consumer_group.go:976","message":"Kafka session context done"}
{"level":"INFO","timestamp":"2026-04-27T02:04:30.897+0500","caller":"order_consumer/consumer.go:32","message":"Kafka consumer group rebalancing..."}
{"level":"INFO","timestamp":"2026-04-27T02:04:30.905+0500","caller":"sarama@v1.47.0/consumer_group.go:869","message":"New session","member_id":"sarama-ebfbe48e-691d-4f6b-8ba4-046a5fe639f5","claims":{"order.assembled":[1]}}
{"level":"INFO","timestamp":"2026-04-27T02:04:30.905+0500","caller":"sarama@v1.47.0/consumer_group.go:869","message":"New session","member_id":"sarama-a8124c25-8820-4b90-9a01-2553021f0f6a","claims":{"order.assembled":[0]}}
{"level":"INFO","timestamp":"2026-04-27T02:04:39.398+0500","caller":"payment/payment.go:14","message":"payment succeeded","transaction_uuid":"fa5c1aeb-9c3f-4601-8e3d-5cacf7add5a6","order_uuid":"c2376ab6-d3d4-43b9-9b6d-a44fe1c072f2","user_uuid":"c2376ab6-d3d4-43b9-9b6d-a44fe1c072f2","payment_method":4}
{"level":"INFO","timestamp":"2026-04-27T02:04:39.408+0500","caller":"order_producer/producer.go:28","message":"Message sent","topic":"order.paid","partition":0,"offset":5,"key":"c2376ab6-d3d4-43b9-9b6d-a44fe1c072f2","value":"\n$2b9bf463-ba11-40cd-b7f9-e17b97483858\u0012$c2376ab6-d3d4-43b9-9b6d-a44fe1c072f2\u001a$c2376ab6-d3d4-43b9-9b6d-a44fe1c072f2\"\u000einvestor-money*$fa5c1aeb-9c3f-4601-8e3d-5cacf7add5a6"}
{"level":"INFO","timestamp":"2026-04-27T02:04:39.410+0500","caller":"sarama@v1.47.0/consumer_group.go:976","message":"message received","member_id":"sarama-ac7405b2-34e7-4985-aa86-07a3fe93094e","key":"c2376ab6-d3d4-43b9-9b6d-a44fe1c072f2","partition":0,"offset":5}
{"level":"INFO","timestamp":"2026-04-27T02:04:39.410+0500","caller":"consumer/groupHandler.go:69","message":"Kafka msg received","topic":"order.paid"}
{"level":"INFO","timestamp":"2026-04-27T02:04:39.411+0500","caller":"order_consumer/handler.go:21","message":"Processing message","topic":"order.paid","partition":0,"offset":5,"order_uuid":"c2376ab6-d3d4-43b9-9b6d-a44fe1c072f2","event_uuid":"2b9bf463-ba11-40cd-b7f9-e17b97483858","payment_method":"investor-money","transaction_uuid":"fa5c1aeb-9c3f-4601-8e3d-5cacf7add5a6"}
{"level":"INFO","timestamp":"2026-04-27T02:04:47.416+0500","caller":"order_producer/producer.go:42","message":"Message sent","topic":"order.assembled","partition":0,"offset":11,"key":"2b9bf463-ba11-40cd-b7f9-e17b97483858","value":"\n$2b9bf463-ba11-40cd-b7f9-e17b97483858\u0012$c2376ab6-d3d4-43b9-9b6d-a44fe1c072f2\u001a$c2376ab6-d3d4-43b9-9b6d-a44fe1c072f2 \u0008"}
{"level":"INFO","timestamp":"2026-04-27T02:04:47.416+0500","caller":"sarama@v1.47.0/consumer_group.go:976","message":"message received","member_id":"sarama-a8124c25-8820-4b90-9a01-2553021f0f6a","key":"2b9bf463-ba11-40cd-b7f9-e17b97483858","partition":0,"offset":11}
{"level":"INFO","timestamp":"2026-04-27T02:04:47.417+0500","caller":"consumer/groupHandler.go:69","message":"Kafka msg received","topic":"order.assembled"}
{"level":"INFO","timestamp":"2026-04-27T02:04:47.418+0500","caller":"order_consumer/handler.go:21","message":"Processing message","topic":"order.assembled","partition":0,"offset":11,"order_uuid":"c2376ab6-d3d4-43b9-9b6d-a44fe1c072f2","event_uuid":"2b9bf463-ba11-40cd-b7f9-e17b97483858","user_uuid":"c2376ab6-d3d4-43b9-9b6d-a44fe1c072f2","build_time_sec":8}
{"level":"INFO","timestamp":"2026-04-27T02:05:01.563+0500","caller":"payment/payment.go:14","message":"payment succeeded","transaction_uuid":"56b15582-33ea-4ba9-9950-449c5cd542ec","order_uuid":"d6a3bc05-8da5-4aab-b82d-71c58fff9a2a","user_uuid":"d6a3bc05-8da5-4aab-b82d-71c58fff9a2a","payment_method":4}
{"level":"INFO","timestamp":"2026-04-27T02:05:01.570+0500","caller":"order_producer/producer.go:28","message":"Message sent","topic":"order.paid","partition":0,"offset":6,"key":"d6a3bc05-8da5-4aab-b82d-71c58fff9a2a","value":"\n$24874f67-2e83-4a42-a169-df8842f2d667\u0012$d6a3bc05-8da5-4aab-b82d-71c58fff9a2a\u001a$d6a3bc05-8da5-4aab-b82d-71c58fff9a2a\"\u000einvestor-money*$56b15582-33ea-4ba9-9950-449c5cd542ec"}
{"level":"INFO","timestamp":"2026-04-27T02:05:01.571+0500","caller":"sarama@v1.47.0/consumer_group.go:976","message":"message received","member_id":"sarama-ac7405b2-34e7-4985-aa86-07a3fe93094e","key":"d6a3bc05-8da5-4aab-b82d-71c58fff9a2a","partition":0,"offset":6}
{"level":"INFO","timestamp":"2026-04-27T02:05:01.571+0500","caller":"consumer/groupHandler.go:69","message":"Kafka msg received","topic":"order.paid"}
{"level":"INFO","timestamp":"2026-04-27T02:05:01.571+0500","caller":"order_consumer/handler.go:21","message":"Processing message","topic":"order.paid","partition":0,"offset":6,"order_uuid":"d6a3bc05-8da5-4aab-b82d-71c58fff9a2a","event_uuid":"24874f67-2e83-4a42-a169-df8842f2d667","payment_method":"investor-money","transaction_uuid":"56b15582-33ea-4ba9-9950-449c5cd542ec"}
{"level":"INFO","timestamp":"2026-04-27T02:05:07.573+0500","caller":"order_producer/producer.go:42","message":"Message sent","topic":"order.assembled","partition":0,"offset":12,"key":"24874f67-2e83-4a42-a169-df8842f2d667","value":"\n$24874f67-2e83-4a42-a169-df8842f2d667\u0012$d6a3bc05-8da5-4aab-b82d-71c58fff9a2a\u001a$d6a3bc05-8da5-4aab-b82d-71c58fff9a2a \u0006"}
{"level":"INFO","timestamp":"2026-04-27T02:05:07.574+0500","caller":"sarama@v1.47.0/consumer_group.go:976","message":"message received","member_id":"sarama-a8124c25-8820-4b90-9a01-2553021f0f6a","key":"24874f67-2e83-4a42-a169-df8842f2d667","partition":0,"offset":12}
{"level":"INFO","timestamp":"2026-04-27T02:05:07.574+0500","caller":"consumer/groupHandler.go:69","message":"Kafka msg received","topic":"order.assembled"}
{"level":"INFO","timestamp":"2026-04-27T02:05:07.574+0500","caller":"order_consumer/handler.go:21","message":"Processing message","topic":"order.assembled","partition":0,"offset":12,"order_uuid":"d6a3bc05-8da5-4aab-b82d-71c58fff9a2a","event_uuid":"24874f67-2e83-4a42-a169-df8842f2d667","user_uuid":"d6a3bc05-8da5-4aab-b82d-71c58fff9a2a","build_time_sec":6}
{"level":"INFO","timestamp":"2026-04-27T02:05:15.329+0500","caller":"app/app.go:80","message":"Shutdown signal received"}
{"level":"INFO","timestamp":"2026-04-27T02:05:15.329+0500","caller":"sync/once.go:78","message":"🚦 Начинаем процесс graceful shutdown..."}
{"level":"INFO","timestamp":"2026-04-27T02:05:15.329+0500","caller":"sarama@v1.47.0/consumer_group.go:976","message":"Kafka session context done"}
{"level":"INFO","timestamp":"2026-04-27T02:05:15.329+0500","caller":"runtime/asm_amd64.s:1693","message":"🛑 Получен системный сигнал, начинаем graceful shutdown..."}
{"level":"INFO","timestamp":"2026-04-27T02:05:15.329+0500","caller":"closer/closer.go:171","message":"🧩 Закрываем Kafka sync producer..."}
{"level":"INFO","timestamp":"2026-04-27T02:05:15.329+0500","caller":"closer/closer.go:171","message":"🧩 Закрываем Kafka consumer group..."}
{"level":"INFO","timestamp":"2026-04-27T02:05:15.329+0500","caller":"closer/closer.go:171","message":"🧩 Закрываем Payment gRPC connection..."}
{"level":"INFO","timestamp":"2026-04-27T02:05:15.329+0500","caller":"closer/closer.go:171","message":"✅ Kafka sync producer успешно закрыт за 237.769µs"}
{"level":"INFO","timestamp":"2026-04-27T02:05:15.329+0500","caller":"closer/closer.go:171","message":"🧩 Закрываем Inventory gRPC connection..."}
{"level":"INFO","timestamp":"2026-04-27T02:05:15.329+0500","caller":"closer/closer.go:171","message":"🧩 Закрываем PostgresSQL connection..."}
{"level":"INFO","timestamp":"2026-04-27T02:05:15.330+0500","caller":"closer/closer.go:171","message":"✅ Inventory gRPC connection успешно закрыт за 482.692µs"}
{"level":"INFO","timestamp":"2026-04-27T02:05:15.329+0500","caller":"closer/closer.go:171","message":"🧩 Закрываем HTTP server..."}
{"level":"INFO","timestamp":"2026-04-27T02:05:15.330+0500","caller":"closer/closer.go:171","message":"✅ Payment gRPC connection успешно закрыт за 679.205µs"}
{"level":"INFO","timestamp":"2026-04-27T02:05:15.330+0500","caller":"closer/closer.go:171","message":"✅ PostgresSQL connection успешно закрыт за 691.793µs"}
{"level":"INFO","timestamp":"2026-04-27T02:05:15.330+0500","caller":"closer/closer.go:171","message":"✅ HTTP server успешно закрыт за 737.758µs"}
{"level":"ERROR","timestamp":"2026-04-27T02:05:15.713+0500","caller":"order_consumer/consumer.go:33","message":"Consume from order.assembled topic error","error":"context canceled"}
{"level":"INFO","timestamp":"2026-04-27T02:05:15.716+0500","caller":"closer/closer.go:171","message":"✅ Kafka consumer group успешно закрыт за 386.516799ms"}
{"level":"INFO","timestamp":"2026-04-27T02:05:15.716+0500","caller":"sync/once.go:78","message":"✅ Все ресурсы успешно закрыты"}
{"level":"INFO","timestamp":"2026-04-27T02:05:16.666+0500","caller":"sarama@v1.47.0/consumer_group.go:976","message":"Kafka session context done"}
{"level":"INFO","timestamp":"2026-04-27T02:05:17.168+0500","caller":"order_consumer/consumer.go:32","message":"Kafka consumer group rebalancing..."}
{"level":"INFO","timestamp":"2026-04-27T02:05:17.179+0500","caller":"sarama@v1.47.0/consumer_group.go:869","message":"New session","member_id":"sarama-a8124c25-8820-4b90-9a01-2553021f0f6a","claims":{"order.assembled":[0,1]}}
{"level":"INFO","timestamp":"2026-04-27T02:05:19.380+0500","caller":"runtime/asm_amd64.s:1693","message":"🛑 Получен системный сигнал, начинаем graceful shutdown..."}
{"level":"INFO","timestamp":"2026-04-27T02:05:19.380+0500","caller":"sarama@v1.47.0/consumer_group.go:976","message":"Kafka session context done"}
{"level":"INFO","timestamp":"2026-04-27T02:05:19.380+0500","caller":"app/app.go:80","message":"Shutdown signal received"}
{"level":"INFO","timestamp":"2026-04-27T02:05:19.380+0500","caller":"sync/once.go:78","message":"🚦 Начинаем процесс graceful shutdown..."}
{"level":"INFO","timestamp":"2026-04-27T02:05:19.380+0500","caller":"sarama@v1.47.0/consumer_group.go:976","message":"Kafka session context done"}
{"level":"INFO","timestamp":"2026-04-27T02:05:19.381+0500","caller":"closer/closer.go:171","message":"🧩 Закрываем Inventory gRPC connection..."}
{"level":"INFO","timestamp":"2026-04-27T02:05:19.381+0500","caller":"closer/closer.go:171","message":"🧩 Закрываем Payment gRPC connection..."}
{"level":"INFO","timestamp":"2026-04-27T02:05:19.381+0500","caller":"closer/closer.go:171","message":"🧩 Закрываем PostgresSQL connection..."}
{"level":"INFO","timestamp":"2026-04-27T02:05:19.381+0500","caller":"closer/closer.go:171","message":"🧩 Закрываем Kafka consumer group..."}
{"level":"INFO","timestamp":"2026-04-27T02:05:19.381+0500","caller":"closer/closer.go:171","message":"🧩 Закрываем HTTP server..."}
{"level":"INFO","timestamp":"2026-04-27T02:05:19.381+0500","caller":"closer/closer.go:171","message":"🧩 Закрываем Kafka sync producer..."}
{"level":"INFO","timestamp":"2026-04-27T02:05:19.381+0500","caller":"closer/closer.go:171","message":"✅ Payment gRPC connection успешно закрыт за 197.311µs"}
{"level":"INFO","timestamp":"2026-04-27T02:05:19.381+0500","caller":"closer/closer.go:171","message":"✅ Inventory gRPC connection успешно закрыт за 220.962µs"}
{"level":"INFO","timestamp":"2026-04-27T02:05:19.381+0500","caller":"closer/closer.go:171","message":"✅ HTTP server успешно закрыт за 199.332µs"}
{"level":"INFO","timestamp":"2026-04-27T02:05:19.381+0500","caller":"closer/closer.go:171","message":"✅ PostgresSQL connection успешно закрыт за 280.901µs"}
{"level":"INFO","timestamp":"2026-04-27T02:05:19.381+0500","caller":"closer/closer.go:171","message":"✅ Kafka sync producer успешно закрыт за 369.018µs"}
{"level":"ERROR","timestamp":"2026-04-27T02:05:19.790+0500","caller":"order_consumer/consumer.go:33","message":"Consume from order.assembled topic error","error":"context canceled"}
{"level":"INFO","timestamp":"2026-04-27T02:05:19.794+0500","caller":"closer/closer.go:171","message":"✅ Kafka consumer group успешно закрыт за 413.554709ms"}
{"level":"INFO","timestamp":"2026-04-27T02:05:19.794+0500","caller":"sync/once.go:78","message":"✅ Все ресурсы успешно закрыты"}
{"level":"INFO","timestamp":"2026-04-27T02:05:23.798+0500","caller":"app/app.go:173","message":"🗄️ Database initialized and migrations applied"}
{"level":"INFO","timestamp":"2026-04-27T02:05:23.801+0500","caller":"app/app.go:36","message":"🚀 HTTP OrderService server listening on localhost:8080"}
{"level":"INFO","timestamp":"2026-04-27T02:05:23.801+0500","caller":"app/app.go:47","message":"🚀 Order Kafka consumer running"}
{"level":"INFO","timestamp":"2026-04-27T02:05:23.804+0500","caller":"order_consumer/consumer.go:31","message":"Starting order consumer service"}
{"level":"INFO","timestamp":"2026-04-27T02:05:23.814+0500","caller":"sarama@v1.47.0/consumer_group.go:869","message":"New session","member_id":"sarama-730e40ee-4a80-43ab-86ca-d25bde77882a","claims":{"order.assembled":[0,1]}}
{"level":"INFO","timestamp":"2026-04-27T02:05:34.187+0500","caller":"app/app.go:173","message":"🗄️ Database initialized and migrations applied"}
{"level":"INFO","timestamp":"2026-04-27T02:05:34.190+0500","caller":"app/app.go:47","message":"🚀 Order Kafka consumer running"}
{"level":"INFO","timestamp":"2026-04-27T02:05:34.192+0500","caller":"order_consumer/consumer.go:31","message":"Starting order consumer service"}
{"level":"INFO","timestamp":"2026-04-27T02:05:35.970+0500","caller":"sarama@v1.47.0/consumer_group.go:976","message":"Kafka session context done"}
{"level":"INFO","timestamp":"2026-04-27T02:05:35.970+0500","caller":"sarama@v1.47.0/consumer_group.go:976","message":"Kafka session context done"}
{"level":"INFO","timestamp":"2026-04-27T02:05:36.472+0500","caller":"order_consumer/consumer.go:32","message":"Kafka consumer group rebalancing..."}
{"level":"INFO","timestamp":"2026-04-27T02:05:36.481+0500","caller":"sarama@v1.47.0/consumer_group.go:869","message":"New session","member_id":"sarama-730e40ee-4a80-43ab-86ca-d25bde77882a","claims":{"order.assembled":[1]}}
{"level":"INFO","timestamp":"2026-04-27T02:05:36.481+0500","caller":"sarama@v1.47.0/consumer_group.go:869","message":"New session","member_id":"sarama-5b3b7c3b-0add-4236-90f0-b6789f54d8ff","claims":{"order.assembled":[0]}}
{"level":"INFO","timestamp":"2026-04-27T02:05:57.826+0500","caller":"payment/payment.go:14","message":"payment succeeded","transaction_uuid":"70a72c6b-aa96-431b-800d-292836e26b1c","order_uuid":"c2376ab6-d3d4-43b9-9b6d-a44fe1c072f2","user_uuid":"c2376ab6-d3d4-43b9-9b6d-a44fe1c072f2","payment_method":4}
{"level":"INFO","timestamp":"2026-04-27T02:05:57.839+0500","caller":"order_producer/producer.go:28","message":"Message sent","topic":"order.paid","partition":0,"offset":7,"key":"c2376ab6-d3d4-43b9-9b6d-a44fe1c072f2","value":"\n$a8691660-83d9-4f25-9180-fb92e991c858\u0012$c2376ab6-d3d4-43b9-9b6d-a44fe1c072f2\u001a$c2376ab6-d3d4-43b9-9b6d-a44fe1c072f2\"\u000einvestor-money*$70a72c6b-aa96-431b-800d-292836e26b1c"}
{"level":"INFO","timestamp":"2026-04-27T02:05:57.840+0500","caller":"sarama@v1.47.0/consumer_group.go:976","message":"message received","member_id":"sarama-ac7405b2-34e7-4985-aa86-07a3fe93094e","key":"c2376ab6-d3d4-43b9-9b6d-a44fe1c072f2","partition":0,"offset":7}
{"level":"INFO","timestamp":"2026-04-27T02:05:57.840+0500","caller":"consumer/groupHandler.go:69","message":"Kafka msg received","topic":"order.paid"}
{"level":"INFO","timestamp":"2026-04-27T02:05:57.841+0500","caller":"order_consumer/handler.go:21","message":"Processing message","topic":"order.paid","partition":0,"offset":7,"order_uuid":"c2376ab6-d3d4-43b9-9b6d-a44fe1c072f2","event_uuid":"a8691660-83d9-4f25-9180-fb92e991c858","payment_method":"investor-money","transaction_uuid":"70a72c6b-aa96-431b-800d-292836e26b1c"}
{"level":"INFO","timestamp":"2026-04-27T02:05:59.846+0500","caller":"order_producer/producer.go:42","message":"Message sent","topic":"order.assembled","partition":0,"offset":13,"key":"a8691660-83d9-4f25-9180-fb92e991c858","value":"\n$a8691660-83d9-4f25-9180-fb92e991c858\u0012$c2376ab6-d3d4-43b9-9b6d-a44fe1c072f2\u001a$c2376ab6-d3d4-43b9-9b6d-a44fe1c072f2 \u0002"}
{"level":"INFO","timestamp":"2026-04-27T02:05:59.846+0500","caller":"sarama@v1.47.0/consumer_group.go:976","message":"message received","member_id":"sarama-5b3b7c3b-0add-4236-90f0-b6789f54d8ff","key":"a8691660-83d9-4f25-9180-fb92e991c858","partition":0,"offset":13}
{"level":"INFO","timestamp":"2026-04-27T02:05:59.846+0500","caller":"consumer/groupHandler.go:69","message":"Kafka msg received","topic":"order.assembled"}
{"level":"INFO","timestamp":"2026-04-27T02:05:59.847+0500","caller":"order_consumer/handler.go:21","message":"Processing message","topic":"order.assembled","partition":0,"offset":13,"order_uuid":"c2376ab6-d3d4-43b9-9b6d-a44fe1c072f2","event_uuid":"a8691660-83d9-4f25-9180-fb92e991c858","user_uuid":"c2376ab6-d3d4-43b9-9b6d-a44fe1c072f2","build_time_sec":2}
{"level":"INFO","timestamp":"2026-04-27T02:07:09.456+0500","caller":"payment/payment.go:14","message":"payment succeeded","transaction_uuid":"c664426b-8c6f-41b9-86a9-63d0b3ff3667","order_uuid":"d6a3bc05-8da5-4aab-b82d-71c58fff9a2a","user_uuid":"d6a3bc05-8da5-4aab-b82d-71c58fff9a2a","payment_method":4}
{"level":"INFO","timestamp":"2026-04-27T02:07:09.465+0500","caller":"order_producer/producer.go:28","message":"Message sent","topic":"order.paid","partition":0,"offset":8,"key":"d6a3bc05-8da5-4aab-b82d-71c58fff9a2a","value":"\n$ae1483b8-7434-483f-97ce-8ec1b890d915\u0012$d6a3bc05-8da5-4aab-b82d-71c58fff9a2a\u001a$d6a3bc05-8da5-4aab-b82d-71c58fff9a2a\"\u000einvestor-money*$c664426b-8c6f-41b9-86a9-63d0b3ff3667"}
{"level":"INFO","timestamp":"2026-04-27T02:07:09.466+0500","caller":"sarama@v1.47.0/consumer_group.go:976","message":"message received","member_id":"sarama-ac7405b2-34e7-4985-aa86-07a3fe93094e","key":"d6a3bc05-8da5-4aab-b82d-71c58fff9a2a","partition":0,"offset":8}
{"level":"INFO","timestamp":"2026-04-27T02:07:09.467+0500","caller":"consumer/groupHandler.go:69","message":"Kafka msg received","topic":"order.paid"}
{"level":"INFO","timestamp":"2026-04-27T02:07:09.467+0500","caller":"order_consumer/handler.go:21","message":"Processing message","topic":"order.paid","partition":0,"offset":8,"order_uuid":"d6a3bc05-8da5-4aab-b82d-71c58fff9a2a","event_uuid":"ae1483b8-7434-483f-97ce-8ec1b890d915","payment_method":"investor-money","transaction_uuid":"c664426b-8c6f-41b9-86a9-63d0b3ff3667"}
{"level":"INFO","timestamp":"2026-04-27T02:07:16.470+0500","caller":"order_producer/producer.go:42","message":"Message sent","topic":"order.assembled","partition":1,"offset":0,"key":"ae1483b8-7434-483f-97ce-8ec1b890d915","value":"\n$ae1483b8-7434-483f-97ce-8ec1b890d915\u0012$d6a3bc05-8da5-4aab-b82d-71c58fff9a2a\u001a$d6a3bc05-8da5-4aab-b82d-71c58fff9a2a \u0007"}
{"level":"INFO","timestamp":"2026-04-27T02:07:16.471+0500","caller":"sarama@v1.47.0/consumer_group.go:976","message":"message received","member_id":"sarama-730e40ee-4a80-43ab-86ca-d25bde77882a","key":"ae1483b8-7434-483f-97ce-8ec1b890d915","partition":1,"offset":0}
{"level":"INFO","timestamp":"2026-04-27T02:07:16.471+0500","caller":"consumer/groupHandler.go:69","message":"Kafka msg received","topic":"order.assembled"}
{"level":"INFO","timestamp":"2026-04-27T02:07:16.472+0500","caller":"order_consumer/handler.go:21","message":"Processing message","topic":"order.assembled","partition":1,"offset":0,"order_uuid":"d6a3bc05-8da5-4aab-b82d-71c58fff9a2a","event_uuid":"ae1483b8-7434-483f-97ce-8ec1b890d915","user_uuid":"d6a3bc05-8da5-4aab-b82d-71c58fff9a2a","build_time_sec":7}
{"level":"INFO","timestamp":"2026-04-27T02:09:04.041+0500","caller":"payment/payment.go:14","message":"payment succeeded","transaction_uuid":"a939c391-0ced-4e57-ade8-34f670ad003d","order_uuid":"27f223be-f0c8-44fe-bc9b-976884c8cfee","user_uuid":"27f223be-f0c8-44fe-bc9b-976884c8cfee","payment_method":4}
{"level":"INFO","timestamp":"2026-04-27T02:09:04.048+0500","caller":"order_producer/producer.go:28","message":"Message sent","topic":"order.paid","partition":0,"offset":9,"key":"27f223be-f0c8-44fe-bc9b-976884c8cfee","value":"\n$3ee17384-2359-47ae-a098-b83fec2d0455\u0012$27f223be-f0c8-44fe-bc9b-976884c8cfee\u001a$27f223be-f0c8-44fe-bc9b-976884c8cfee\"\u000einvestor-money*$a939c391-0ced-4e57-ade8-34f670ad003d"}
{"level":"INFO","timestamp":"2026-04-27T02:09:04.048+0500","caller":"sarama@v1.47.0/consumer_group.go:976","message":"message received","member_id":"sarama-ac7405b2-34e7-4985-aa86-07a3fe93094e","key":"27f223be-f0c8-44fe-bc9b-976884c8cfee","partition":0,"offset":9}
{"level":"INFO","timestamp":"2026-04-27T02:09:04.049+0500","caller":"consumer/groupHandler.go:69","message":"Kafka msg received","topic":"order.paid"}
{"level":"INFO","timestamp":"2026-04-27T02:09:04.049+0500","caller":"order_consumer/handler.go:21","message":"Processing message","topic":"order.paid","partition":0,"offset":9,"order_uuid":"27f223be-f0c8-44fe-bc9b-976884c8cfee","event_uuid":"3ee17384-2359-47ae-a098-b83fec2d0455","payment_method":"investor-money","transaction_uuid":"a939c391-0ced-4e57-ade8-34f670ad003d"}
{"level":"INFO","timestamp":"2026-04-27T02:09:13.053+0500","caller":"order_producer/producer.go:42","message":"Message sent","topic":"order.assembled","partition":0,"offset":14,"key":"3ee17384-2359-47ae-a098-b83fec2d0455","value":"\n$3ee17384-2359-47ae-a098-b83fec2d0455\u0012$27f223be-f0c8-44fe-bc9b-976884c8cfee\u001a$27f223be-f0c8-44fe-bc9b-976884c8cfee \t"}
{"level":"INFO","timestamp":"2026-04-27T02:09:13.054+0500","caller":"sarama@v1.47.0/consumer_group.go:976","message":"message received","member_id":"sarama-5b3b7c3b-0add-4236-90f0-b6789f54d8ff","key":"3ee17384-2359-47ae-a098-b83fec2d0455","partition":0,"offset":14}
{"level":"INFO","timestamp":"2026-04-27T02:09:13.054+0500","caller":"consumer/groupHandler.go:69","message":"Kafka msg received","topic":"order.assembled"}
{"level":"INFO","timestamp":"2026-04-27T02:09:13.055+0500","caller":"order_consumer/handler.go:21","message":"Processing message","topic":"order.assembled","partition":0,"offset":14,"order_uuid":"27f223be-f0c8-44fe-bc9b-976884c8cfee","event_uuid":"3ee17384-2359-47ae-a098-b83fec2d0455","user_uuid":"27f223be-f0c8-44fe-bc9b-976884c8cfee","build_time_sec":9}
{"level":"INFO","timestamp":"2026-04-27T02:09:48.465+0500","caller":"sarama@v1.47.0/consumer_group.go:976","message":"Kafka session context done"}
{"level":"INFO","timestamp":"2026-04-27T02:09:48.465+0500","caller":"app/app.go:35","message":"Shutdown signal received"}
{"level":"INFO","timestamp":"2026-04-27T02:09:48.465+0500","caller":"runtime/asm_amd64.s:1693","message":"🛑 Получен системный сигнал, начинаем graceful shutdown..."}
{"level":"INFO","timestamp":"2026-04-27T02:09:48.465+0500","caller":"sync/once.go:78","message":"🚦 Начинаем процесс graceful shutdown..."}
{"level":"INFO","timestamp":"2026-04-27T02:09:48.466+0500","caller":"closer/closer.go:171","message":"🧩 Закрываем Kafka consumer group..."}
{"level":"INFO","timestamp":"2026-04-27T02:09:48.466+0500","caller":"closer/closer.go:171","message":"🧩 Закрываем Kafka sync producer..."}
{"level":"INFO","timestamp":"2026-04-27T02:09:48.467+0500","caller":"closer/closer.go:171","message":"✅ Kafka sync producer успешно закрыт за 190.865µs"}
{"level":"ERROR","timestamp":"2026-04-27T02:09:48.872+0500","caller":"order_consumer/consumer.go:34","message":"Failed to start order consumer service","error":"context canceled"}
{"level":"INFO","timestamp":"2026-04-27T02:09:48.874+0500","caller":"closer/closer.go:171","message":"✅ Kafka consumer group успешно закрыт за 407.6665ms"}
{"level":"INFO","timestamp":"2026-04-27T02:09:48.874+0500","caller":"sync/once.go:78","message":"✅ Все ресурсы успешно закрыты"}
{"level":"INFO","timestamp":"2026-04-27T02:09:49.019+0500","caller":"sarama@v1.47.0/consumer_group.go:976","message":"Kafka session context done"}
{"level":"INFO","timestamp":"2026-04-27T02:09:49.521+0500","caller":"order_consumer/consumer.go:32","message":"Kafka consumer group rebalancing..."}
{"level":"INFO","timestamp":"2026-04-27T02:09:49.528+0500","caller":"sarama@v1.47.0/consumer_group.go:869","message":"New session","member_id":"sarama-b9aadb7b-540b-44ec-9692-4f50c6878c50","claims":{"order.paid":[0,1]}}
{"level":"INFO","timestamp":"2026-04-27T02:10:01.548+0500","caller":"runtime/asm_amd64.s:1693","message":"🛑 Получен системный сигнал, начинаем graceful shutdown..."}
{"level":"INFO","timestamp":"2026-04-27T02:10:01.548+0500","caller":"sarama@v1.47.0/consumer_group.go:976","message":"Kafka session context done"}
{"level":"INFO","timestamp":"2026-04-27T02:10:01.548+0500","caller":"sarama@v1.47.0/consumer_group.go:976","message":"Kafka session context done"}
{"level":"INFO","timestamp":"2026-04-27T02:10:01.548+0500","caller":"sync/once.go:78","message":"🚦 Начинаем процесс graceful shutdown..."}
{"level":"INFO","timestamp":"2026-04-27T02:10:01.548+0500","caller":"app/app.go:35","message":"Shutdown signal received"}
{"level":"INFO","timestamp":"2026-04-27T02:10:01.548+0500","caller":"closer/closer.go:171","message":"🧩 Закрываем Kafka consumer group..."}
{"level":"INFO","timestamp":"2026-04-27T02:10:01.548+0500","caller":"closer/closer.go:171","message":"🧩 Закрываем Kafka sync producer..."}
{"level":"INFO","timestamp":"2026-04-27T02:10:01.548+0500","caller":"closer/closer.go:171","message":"✅ Kafka sync producer успешно закрыт за 154.019µs"}
{"level":"ERROR","timestamp":"2026-04-27T02:10:01.686+0500","caller":"order_consumer/consumer.go:34","message":"Failed to start order consumer service","error":"context canceled"}
{"level":"INFO","timestamp":"2026-04-27T02:10:01.688+0500","caller":"closer/closer.go:171","message":"✅ Kafka consumer group успешно закрыт за 140.181141ms"}
{"level":"INFO","timestamp":"2026-04-27T02:10:01.689+0500","caller":"sync/once.go:78","message":"✅ Все ресурсы успешно закрыты"}
{"level":"INFO","timestamp":"2026-04-27T02:10:03.633+0500","caller":"runtime/asm_amd64.s:1693","message":"🛑 Получен системный сигнал, начинаем graceful shutdown..."}
{"level":"INFO","timestamp":"2026-04-27T02:10:03.633+0500","caller":"sync/once.go:78","message":"🚦 Начинаем процесс graceful shutdown..."}
{"level":"INFO","timestamp":"2026-04-27T02:10:03.634+0500","caller":"closer/closer.go:171","message":"🧩 Закрываем TCP listener..."}
{"level":"INFO","timestamp":"2026-04-27T02:10:03.634+0500","caller":"closer/closer.go:171","message":"🧩 Закрываем gRPC server..."}
{"level":"INFO","timestamp":"2026-04-27T02:10:03.634+0500","caller":"closer/closer.go:171","message":"✅ gRPC server успешно закрыт за 326.393µs"}
{"level":"INFO","timestamp":"2026-04-27T02:10:03.634+0500","caller":"closer/closer.go:171","message":"🧩 Закрываем MongoDB client..."}
{"level":"INFO","timestamp":"2026-04-27T02:10:03.635+0500","caller":"closer/closer.go:171","message":"✅ TCP listener успешно закрыт за 339.651µs"}
{"level":"INFO","timestamp":"2026-04-27T02:10:03.645+0500","caller":"closer/closer.go:171","message":"✅ MongoDB client успешно закрыт за 11.349031ms"}
{"level":"INFO","timestamp":"2026-04-27T02:10:03.646+0500","caller":"sync/once.go:78","message":"✅ Все ресурсы успешно закрыты"}
{"level":"INFO","timestamp":"2026-04-27T02:10:05.868+0500","caller":"runtime/asm_amd64.s:1693","message":"🛑 Получен системный сигнал, начинаем graceful shutdown..."}
{"level":"INFO","timestamp":"2026-04-27T02:10:05.868+0500","caller":"app/app.go:80","message":"Shutdown signal received"}
{"level":"INFO","timestamp":"2026-04-27T02:10:05.868+0500","caller":"sarama@v1.47.0/consumer_group.go:976","message":"Kafka session context done"}
{"level":"INFO","timestamp":"2026-04-27T02:10:05.868+0500","caller":"sync/once.go:78","message":"🚦 Начинаем процесс graceful shutdown..."}
{"level":"INFO","timestamp":"2026-04-27T02:10:05.868+0500","caller":"closer/closer.go:171","message":"🧩 Закрываем Kafka consumer group..."}
{"level":"INFO","timestamp":"2026-04-27T02:10:05.868+0500","caller":"closer/closer.go:171","message":"🧩 Закрываем Inventory gRPC connection..."}
{"level":"INFO","timestamp":"2026-04-27T02:10:05.868+0500","caller":"closer/closer.go:171","message":"🧩 Закрываем Kafka sync producer..."}
{"level":"INFO","timestamp":"2026-04-27T02:10:05.868+0500","caller":"closer/closer.go:171","message":"🧩 Закрываем Payment gRPC connection..."}
{"level":"INFO","timestamp":"2026-04-27T02:10:05.868+0500","caller":"closer/closer.go:171","message":"🧩 Закрываем PostgresSQL connection..."}
{"level":"INFO","timestamp":"2026-04-27T02:10:05.868+0500","caller":"closer/closer.go:171","message":"✅ Payment gRPC connection успешно закрыт за 222.642µs"}
{"level":"INFO","timestamp":"2026-04-27T02:10:05.868+0500","caller":"closer/closer.go:171","message":"🧩 Закрываем HTTP server..."}
{"level":"INFO","timestamp":"2026-04-27T02:10:05.868+0500","caller":"closer/closer.go:171","message":"✅ Inventory gRPC connection успешно закрыт за 216.732µs"}
{"level":"INFO","timestamp":"2026-04-27T02:10:05.868+0500","caller":"closer/closer.go:171","message":"✅ Kafka sync producer успешно закрыт за 206.05µs"}
{"level":"INFO","timestamp":"2026-04-27T02:10:05.868+0500","caller":"closer/closer.go:171","message":"✅ HTTP server успешно закрыт за 289.01µs"}
{"level":"INFO","timestamp":"2026-04-27T02:10:05.868+0500","caller":"closer/closer.go:171","message":"✅ PostgresSQL connection успешно закрыт за 442.407µs"}
{"level":"ERROR","timestamp":"2026-04-27T02:10:05.946+0500","caller":"order_consumer/consumer.go:33","message":"Consume from order.assembled topic error","error":"context canceled"}
{"level":"INFO","timestamp":"2026-04-27T02:10:05.948+0500","caller":"closer/closer.go:171","message":"✅ Kafka consumer group успешно закрыт за 79.87204ms"}
{"level":"INFO","timestamp":"2026-04-27T02:10:05.948+0500","caller":"sync/once.go:78","message":"✅ Все ресурсы успешно закрыты"}
{"level":"INFO","timestamp":"2026-04-27T02:10:07.120+0500","caller":"sarama@v1.47.0/consumer_group.go:976","message":"Kafka session context done"}
{"level":"INFO","timestamp":"2026-04-27T02:10:07.352+0500","caller":"app/app.go:80","message":"Shutdown signal received"}
{"level":"INFO","timestamp":"2026-04-27T02:10:07.352+0500","caller":"sync/once.go:78","message":"🚦 Начинаем процесс graceful shutdown..."}
{"level":"INFO","timestamp":"2026-04-27T02:10:07.352+0500","caller":"runtime/asm_amd64.s:1693","message":"🛑 Получен системный сигнал, начинаем graceful shutdown..."}
{"level":"INFO","timestamp":"2026-04-27T02:10:07.352+0500","caller":"closer/closer.go:171","message":"🧩 Закрываем Kafka consumer group..."}
{"level":"INFO","timestamp":"2026-04-27T02:10:07.352+0500","caller":"closer/closer.go:171","message":"🧩 Закрываем Payment gRPC connection..."}
{"level":"INFO","timestamp":"2026-04-27T02:10:07.352+0500","caller":"closer/closer.go:171","message":"🧩 Закрываем Kafka sync producer..."}
{"level":"INFO","timestamp":"2026-04-27T02:10:07.352+0500","caller":"closer/closer.go:171","message":"🧩 Закрываем PostgresSQL connection..."}
{"level":"INFO","timestamp":"2026-04-27T02:10:07.352+0500","caller":"closer/closer.go:171","message":"🧩 Закрываем Inventory gRPC connection..."}
{"level":"INFO","timestamp":"2026-04-27T02:10:07.352+0500","caller":"closer/closer.go:171","message":"🧩 Закрываем HTTP server..."}
{"level":"INFO","timestamp":"2026-04-27T02:10:07.352+0500","caller":"closer/closer.go:171","message":"✅ PostgresSQL connection успешно закрыт за 438.843µs"}
{"level":"INFO","timestamp":"2026-04-27T02:10:07.352+0500","caller":"closer/closer.go:171","message":"✅ Payment gRPC connection успешно закрыт за 510.198µs"}
{"level":"INFO","timestamp":"2026-04-27T02:10:07.352+0500","caller":"closer/closer.go:171","message":"✅ Inventory gRPC connection успешно закрыт за 605.763µs"}
{"level":"INFO","timestamp":"2026-04-27T02:10:07.353+0500","caller":"closer/closer.go:171","message":"✅ Kafka sync producer успешно закрыт за 436.184µs"}
{"level":"INFO","timestamp":"2026-04-27T02:10:07.353+0500","caller":"closer/closer.go:171","message":"✅ HTTP server успешно закрыт за 1.072607ms"}
{"level":"ERROR","timestamp":"2026-04-27T02:10:07.622+0500","caller":"order_consumer/consumer.go:33","message":"Consume from order.assembled topic error","error":"context canceled"}
{"level":"INFO","timestamp":"2026-04-27T02:10:07.625+0500","caller":"closer/closer.go:171","message":"✅ Kafka consumer group успешно закрыт за 272.711705ms"}
{"level":"INFO","timestamp":"2026-04-27T02:10:07.625+0500","caller":"sync/once.go:78","message":"✅ Все ресурсы успешно закрыты"}
{"level":"INFO","timestamp":"2026-04-27T02:10:09.030+0500","caller":"runtime/asm_amd64.s:1693","message":"🛑 Получен системный сигнал, начинаем graceful shutdown..."}
{"level":"INFO","timestamp":"2026-04-27T02:10:09.030+0500","caller":"sync/once.go:78","message":"🚦 Начинаем процесс graceful shutdown..."}
{"level":"INFO","timestamp":"2026-04-27T02:10:09.030+0500","caller":"closer/closer.go:171","message":"🧩 Закрываем gRPC server..."}
{"level":"INFO","timestamp":"2026-04-27T02:10:09.030+0500","caller":"closer/closer.go:171","message":"🧩 Закрываем TCP listener..."}
{"level":"INFO","timestamp":"2026-04-27T02:10:09.031+0500","caller":"closer/closer.go:171","message":"✅ TCP listener успешно закрыт за 239.635µs"}
{"level":"INFO","timestamp":"2026-04-27T02:10:09.031+0500","caller":"closer/closer.go:171","message":"✅ gRPC server успешно закрыт за 407.699µs"}
{"level":"INFO","timestamp":"2026-04-27T02:10:09.031+0500","caller":"sync/once.go:78","message":"✅ Все ресурсы успешно закрыты"}
{"level":"INFO","timestamp":"2026-04-27T02:21:13.895+0500","caller":"app/app.go:115","message":"🚀 Order Assembled consumer running"}
{"level":"INFO","timestamp":"2026-04-27T02:21:13.896+0500","caller":"app/app.go:104","message":"🚀 Order Paid consumer running"}
{"level":"INFO","timestamp":"2026-04-27T02:21:13.896+0500","caller":"app/app.go:141","message":"🤖 Telegram bot started..."}
{"level":"INFO","timestamp":"2026-04-27T02:21:13.901+0500","caller":"order_assembled_consumer/consumer.go:29","message":"Starting ship assembled consumer service"}
{"level":"INFO","timestamp":"2026-04-27T02:21:13.902+0500","caller":"order_paid_consumer/consumer.go:30","message":"Starting order consumer service"}
{"level":"INFO","timestamp":"2026-04-27T02:21:13.912+0500","caller":"sarama@v1.47.0/consumer_group.go:869","message":"New session","member_id":"sarama-a2a2aa28-55ed-4569-b1b1-221f37aa3282","claims":{"order.paid":[0,1]}}
{"level":"INFO","timestamp":"2026-04-27T02:21:13.912+0500","caller":"sarama@v1.47.0/consumer_group.go:869","message":"New session","member_id":"sarama-aa848fb7-f477-4180-854b-a977743fb4f8","claims":{"order.assembled":[0,1]}}
{"level":"INFO","timestamp":"2026-04-27T02:21:14.016+0500","caller":"sarama@v1.47.0/consumer_group.go:976","message":"message received","member_id":"sarama-aa848fb7-f477-4180-854b-a977743fb4f8","key":"ae1483b8-7434-483f-97ce-8ec1b890d915","partition":1,"offset":0}
{"level":"INFO","timestamp":"2026-04-27T02:21:14.016+0500","caller":"sarama@v1.47.0/consumer_group.go:976","message":"message received","member_id":"sarama-aa848fb7-f477-4180-854b-a977743fb4f8","key":"98e62964-23c9-4876-9980-7088f5dea15b","partition":0,"offset":0}
{"level":"INFO","timestamp":"2026-04-27T02:21:14.016+0500","caller":"consumer/groupHandler.go:69","message":"Kafka msg received","topic":"order.assembled"}
{"level":"INFO","timestamp":"2026-04-27T02:21:14.016+0500","caller":"consumer/groupHandler.go:69","message":"Kafka msg received","topic":"order.assembled"}
{"level":"INFO","timestamp":"2026-04-27T02:21:14.017+0500","caller":"order_assembled_consumer/handler.go:19","message":"Processing message","topic":"order.assembled","partition":0,"offset":0,"event_uuid":"98e62964-23c9-4876-9980-7088f5dea15b","order_uuid":"27f223be-f0c8-44fe-bc9b-976884c8cfee","user_uuid":"27f223be-f0c8-44fe-bc9b-976884c8cfee","build_time_sec":6}
{"level":"INFO","timestamp":"2026-04-27T02:21:14.017+0500","caller":"order_assembled_consumer/handler.go:19","message":"Processing message","topic":"order.assembled","partition":1,"offset":0,"event_uuid":"ae1483b8-7434-483f-97ce-8ec1b890d915","order_uuid":"d6a3bc05-8da5-4aab-b82d-71c58fff9a2a","user_uuid":"d6a3bc05-8da5-4aab-b82d-71c58fff9a2a","build_time_sec":7}
{"level":"INFO","timestamp":"2026-04-27T02:21:14.302+0500","caller":"telegram/service.go:62","message":"Telegram message sent to chat","chat_id":886449792,"message":"🛸 **НОВОЕ СООБЩЕНИЕ О ПОСТРОЙКЕ КОСМИЧЕСКОГО КОРАБЛЯ!**\n\n🆔 **ID:** 98e62964-23c9-4876-9980-7088f5dea15b\n📍 **Номер заказа:** 27f223be-f0c8-44fe-bc9b-976884c8cfee\n📝 **Пользователь:** 27f223be-f0c8-44fe-bc9b-976884c8cfee\n🕐 **Время сборки:** 6"}
{"level":"INFO","timestamp":"2026-04-27T02:21:14.302+0500","caller":"sarama@v1.47.0/consumer_group.go:976","message":"message received","member_id":"sarama-aa848fb7-f477-4180-854b-a977743fb4f8","key":"59d35f8b-cc1a-4587-8463-62c0501fe7cf","partition":0,"offset":1}
{"level":"INFO","timestamp":"2026-04-27T02:21:14.302+0500","caller":"consumer/groupHandler.go:69","message":"Kafka msg received","topic":"order.assembled"}
{"level":"INFO","timestamp":"2026-04-27T02:21:14.302+0500","caller":"telegram/service.go:62","message":"Telegram message sent to chat","chat_id":886449792,"message":"🛸 **НОВОЕ СООБЩЕНИЕ О ПОСТРОЙКЕ КОСМИЧЕСКОГО КОРАБЛЯ!**\n\n🆔 **ID:** ae1483b8-7434-483f-97ce-8ec1b890d915\n📍 **Номер заказа:** d6a3bc05-8da5-4aab-b82d-71c58fff9a2a\n📝 **Пользователь:** d6a3bc05-8da5-4aab-b82d-71c58fff9a2a\n🕐 **Время сборки:** 7"}
{"level":"INFO","timestamp":"2026-04-27T02:21:14.302+0500","caller":"order_assembled_consumer/handler.go:19","message":"Processing message","topic":"order.assembled","partition":0,"offset":1,"event_uuid":"59d35f8b-cc1a-4587-8463-62c0501fe7cf","order_uuid":"27f223be-f0c8-44fe-bc9b-976884c8cfee","user_uuid":"27f223be-f0c8-44fe-bc9b-976884c8cfee","build_time_sec":4}
{"level":"INFO","timestamp":"2026-04-27T02:21:14.302+0500","caller":"sarama@v1.47.0/consumer_group.go:976","message":"message received","member_id":"sarama-aa848fb7-f477-4180-854b-a977743fb4f8","key":"6fadc8a5-fb82-4fb0-b6ef-90d188cb83ed","partition":1,"offset":1}
{"level":"INFO","timestamp":"2026-04-27T02:21:14.302+0500","caller":"consumer/groupHandler.go:69","message":"Kafka msg received","topic":"order.assembled"}
{"level":"INFO","timestamp":"2026-04-27T02:21:14.302+0500","caller":"order_assembled_consumer/handler.go:19","message":"Processing message","topic":"order.assembled","partition":1,"offset":1,"event_uuid":"6fadc8a5-fb82-4fb0-b6ef-90d188cb83ed","order_uuid":"c2376ab6-d3d4-43b9-9b6d-a44fe1c072f2","user_uuid":"c2376ab6-d3d4-43b9-9b6d-a44fe1c072f2","build_time_sec":9}
{"level":"INFO","timestamp":"2026-04-27T02:21:14.502+0500","caller":"telegram/service.go:62","message":"Telegram message sent to chat","chat_id":886449792,"message":"🛸 **НОВОЕ СООБЩЕНИЕ О ПОСТРОЙКЕ КОСМИЧЕСКОГО КОРАБЛЯ!**\n\n🆔 **ID:** 6fadc8a5-fb82-4fb0-b6ef-90d188cb83ed\n📍 **Номер заказа:** c2376ab6-d3d4-43b9-9b6d-a44fe1c072f2\n📝 **Пользователь:** c2376ab6-d3d4-43b9-9b6d-a44fe1c072f2\n🕐 **Время сборки:** 9"}
{"level":"INFO","timestamp":"2026-04-27T02:21:14.502+0500","caller":"sarama@v1.47.0/consumer_group.go:976","message":"message received","member_id":"sarama-aa848fb7-f477-4180-854b-a977743fb4f8","key":"e7ce4491-722a-45e2-95a4-63e333177e9a","partition":1,"offset":2}
{"level":"INFO","timestamp":"2026-04-27T02:21:14.502+0500","caller":"consumer/groupHandler.go:69","message":"Kafka msg received","topic":"order.assembled"}
{"level":"INFO","timestamp":"2026-04-27T02:21:14.502+0500","caller":"order_assembled_consumer/handler.go:19","message":"Processing message","topic":"order.assembled","partition":1,"offset":2,"event_uuid":"e7ce4491-722a-45e2-95a4-63e333177e9a","order_uuid":"d6a3bc05-8da5-4aab-b82d-71c58fff9a2a","user_uuid":"d6a3bc05-8da5-4aab-b82d-71c58fff9a2a","build_time_sec":2}
{"level":"INFO","timestamp":"2026-04-27T02:21:14.534+0500","caller":"telegram/service.go:62","message":"Telegram message sent to chat","chat_id":886449792,"message":"🛸 **НОВОЕ СООБЩЕНИЕ О ПОСТРОЙКЕ КОСМИЧЕСКОГО КОРАБЛЯ!**\n\n🆔 **ID:** 59d35f8b-cc1a-4587-8463-62c0501fe7cf\n📍 **Номер заказа:** 27f223be-f0c8-44fe-bc9b-976884c8cfee\n📝 **Пользователь:** 27f223be-f0c8-44fe-bc9b-976884c8cfee\n🕐 **Время сборки:** 4"}
{"level":"INFO","timestamp":"2026-04-27T02:21:14.534+0500","caller":"sarama@v1.47.0/consumer_group.go:976","message":"message received","member_id":"sarama-aa848fb7-f477-4180-854b-a977743fb4f8","key":"06744f42-1f92-4beb-94da-35232d234795","partition":0,"offset":2}
{"level":"INFO","timestamp":"2026-04-27T02:21:14.534+0500","caller":"consumer/groupHandler.go:69","message":"Kafka msg received","topic":"order.assembled"}
{"level":"INFO","timestamp":"2026-04-27T02:21:14.534+0500","caller":"order_assembled_consumer/handler.go:19","message":"Processing message","topic":"order.assembled","partition":0,"offset":2,"event_uuid":"06744f42-1f92-4beb-94da-35232d234795","order_uuid":"c2376ab6-d3d4-43b9-9b6d-a44fe1c072f2","user_uuid":"c2376ab6-d3d4-43b9-9b6d-a44fe1c072f2","build_time_sec":4}
{"level":"INFO","timestamp":"2026-04-27T02:21:14.692+0500","caller":"telegram/service.go:62","message":"Telegram message sent to chat","chat_id":886449792,"message":"🛸 **НОВОЕ СООБЩЕНИЕ О ПОСТРОЙКЕ КОСМИЧЕСКОГО КОРАБЛЯ!**\n\n🆔 **ID:** e7ce4491-722a-45e2-95a4-63e333177e9a\n📍 **Номер заказа:** d6a3bc05-8da5-4aab-b82d-71c58fff9a2a\n📝 **Пользователь:** d6a3bc05-8da5-4aab-b82d-71c58fff9a2a\n🕐 **Время сборки:** 2"}
{"level":"INFO","timestamp":"2026-04-27T02:21:14.707+0500","caller":"telegram/service.go:62","message":"Telegram message sent to chat","chat_id":886449792,"message":"🛸 **НОВОЕ СООБЩЕНИЕ О ПОСТРОЙКЕ КОСМИЧЕСКОГО КОРАБЛЯ!**\n\n🆔 **ID:** 06744f42-1f92-4beb-94da-35232d234795\n📍 **Номер заказа:** c2376ab6-d3d4-43b9-9b6d-a44fe1c072f2\n📝 **Пользователь:** c2376ab6-d3d4-43b9-9b6d-a44fe1c072f2\n🕐 **Время сборки:** 4"}
{"level":"INFO","timestamp":"2026-04-27T02:21:14.707+0500","caller":"sarama@v1.47.0/consumer_group.go:976","message":"message received","member_id":"sarama-aa848fb7-f477-4180-854b-a977743fb4f8","key":"787d805c-a2bc-4cc5-abfb-68ce9b8f4f17","partition":0,"offset":3}
{"level":"INFO","timestamp":"2026-04-27T02:21:14.707+0500","caller":"consumer/groupHandler.go:69","message":"Kafka msg received","topic":"order.assembled"}
{"level":"INFO","timestamp":"2026-04-27T02:21:14.707+0500","caller":"order_assembled_consumer/handler.go:19","message":"Processing message","topic":"order.assembled","partition":0,"offset":3,"event_uuid":"787d805c-a2bc-4cc5-abfb-68ce9b8f4f17","order_uuid":"d6a3bc05-8da5-4aab-b82d-71c58fff9a2a","user_uuid":"d6a3bc05-8da5-4aab-b82d-71c58fff9a2a","build_time_sec":2}
{"level":"INFO","timestamp":"2026-04-27T02:21:14.866+0500","caller":"telegram/service.go:62","message":"Telegram message sent to chat","chat_id":886449792,"message":"🛸 **НОВОЕ СООБЩЕНИЕ О ПОСТРОЙКЕ КОСМИЧЕСКОГО КОРАБЛЯ!**\n\n🆔 **ID:** 787d805c-a2bc-4cc5-abfb-68ce9b8f4f17\n📍 **Номер заказа:** d6a3bc05-8da5-4aab-b82d-71c58fff9a2a\n📝 **Пользователь:** d6a3bc05-8da5-4aab-b82d-71c58fff9a2a\n🕐 **Время сборки:** 2"}
{"level":"INFO","timestamp":"2026-04-27T02:21:14.866+0500","caller":"sarama@v1.47.0/consumer_group.go:976","message":"message received","member_id":"sarama-aa848fb7-f477-4180-854b-a977743fb4f8","key":"acda4381-bf16-4b04-9b06-8e67b4169bad","partition":0,"offset":4}
{"level":"INFO","timestamp":"2026-04-27T02:21:14.866+0500","caller":"consumer/groupHandler.go:69","message":"Kafka msg received","topic":"order.assembled"}
{"level":"INFO","timestamp":"2026-04-27T02:21:14.866+0500","caller":"order_assembled_consumer/handler.go:19","message":"Processing message","topic":"order.assembled","partition":0,"offset":4,"event_uuid":"acda4381-bf16-4b04-9b06-8e67b4169bad","order_uuid":"d6a3bc05-8da5-4aab-b82d-71c58fff9a2a","user_uuid":"d6a3bc05-8da5-4aab-b82d-71c58fff9a2a","build_time_sec":5}
{"level":"INFO","timestamp":"2026-04-27T02:21:15.118+0500","caller":"telegram/service.go:62","message":"Telegram message sent to chat","chat_id":886449792,"message":"🛸 **НОВОЕ СООБЩЕНИЕ О ПОСТРОЙКЕ КОСМИЧЕСКОГО КОРАБЛЯ!**\n\n🆔 **ID:** acda4381-bf16-4b04-9b06-8e67b4169bad\n📍 **Номер заказа:** d6a3bc05-8da5-4aab-b82d-71c58fff9a2a\n📝 **Пользователь:** d6a3bc05-8da5-4aab-b82d-71c58fff9a2a\n🕐 **Время сборки:** 5"}
{"level":"INFO","timestamp":"2026-04-27T02:21:15.118+0500","caller":"sarama@v1.47.0/consumer_group.go:976","message":"message received","member_id":"sarama-aa848fb7-f477-4180-854b-a977743fb4f8","key":"72b84adb-88dc-42b5-88eb-1375fb7fc33c","partition":0,"offset":5}
{"level":"INFO","timestamp":"2026-04-27T02:21:15.118+0500","caller":"consumer/groupHandler.go:69","message":"Kafka msg received","topic":"order.assembled"}
{"level":"INFO","timestamp":"2026-04-27T02:21:15.118+0500","caller":"order_assembled_consumer/handler.go:19","message":"Processing message","topic":"order.assembled","partition":0,"offset":5,"event_uuid":"72b84adb-88dc-42b5-88eb-1375fb7fc33c","order_uuid":"c2376ab6-d3d4-43b9-9b6d-a44fe1c072f2","user_uuid":"c2376ab6-d3d4-43b9-9b6d-a44fe1c072f2","build_time_sec":8}
{"level":"INFO","timestamp":"2026-04-27T02:21:15.341+0500","caller":"telegram/service.go:62","message":"Telegram message sent to chat","chat_id":886449792,"message":"🛸 **НОВОЕ СООБЩЕНИЕ О ПОСТРОЙКЕ КОСМИЧЕСКОГО КОРАБЛЯ!**\n\n🆔 **ID:** 72b84adb-88dc-42b5-88eb-1375fb7fc33c\n📍 **Номер заказа:** c2376ab6-d3d4-43b9-9b6d-a44fe1c072f2\n📝 **Пользователь:** c2376ab6-d3d4-43b9-9b6d-a44fe1c072f2\n🕐 **Время сборки:** 8"}
{"level":"INFO","timestamp":"2026-04-27T02:21:15.341+0500","caller":"sarama@v1.47.0/consumer_group.go:976","message":"message received","member_id":"sarama-aa848fb7-f477-4180-854b-a977743fb4f8","key":"982eb37e-69d4-4d8e-b53f-3e3d28ac38e5","partition":0,"offset":6}
{"level":"INFO","timestamp":"2026-04-27T02:21:15.341+0500","caller":"consumer/groupHandler.go:69","message":"Kafka msg received","topic":"order.assembled"}
{"level":"INFO","timestamp":"2026-04-27T02:21:15.341+0500","caller":"order_assembled_consumer/handler.go:19","message":"Processing message","topic":"order.assembled","partition":0,"offset":6,"event_uuid":"982eb37e-69d4-4d8e-b53f-3e3d28ac38e5","order_uuid":"d6a3bc05-8da5-4aab-b82d-71c58fff9a2a","user_uuid":"d6a3bc05-8da5-4aab-b82d-71c58fff9a2a","build_time_sec":2}
{"level":"INFO","timestamp":"2026-04-27T02:21:15.503+0500","caller":"telegram/service.go:62","message":"Telegram message sent to chat","chat_id":886449792,"message":"🛸 **НОВОЕ СООБЩЕНИЕ О ПОСТРОЙКЕ КОСМИЧЕСКОГО КОРАБЛЯ!**\n\n🆔 **ID:** 982eb37e-69d4-4d8e-b53f-3e3d28ac38e5\n📍 **Номер заказа:** d6a3bc05-8da5-4aab-b82d-71c58fff9a2a\n📝 **Пользователь:** d6a3bc05-8da5-4aab-b82d-71c58fff9a2a\n🕐 **Время сборки:** 2"}
{"level":"INFO","timestamp":"2026-04-27T02:21:15.503+0500","caller":"sarama@v1.47.0/consumer_group.go:976","message":"message received","member_id":"sarama-aa848fb7-f477-4180-854b-a977743fb4f8","key":"1993ef6a-2976-4a0a-bbb2-ce4b6c6be579","partition":0,"offset":7}
{"level":"INFO","timestamp":"2026-04-27T02:21:15.503+0500","caller":"consumer/groupHandler.go:69","message":"Kafka msg received","topic":"order.assembled"}
{"level":"INFO","timestamp":"2026-04-27T02:21:15.503+0500","caller":"order_assembled_consumer/handler.go:19","message":"Processing message","topic":"order.assembled","partition":0,"offset":7,"event_uuid":"1993ef6a-2976-4a0a-bbb2-ce4b6c6be579","order_uuid":"c2376ab6-d3d4-43b9-9b6d-a44fe1c072f2","user_uuid":"c2376ab6-d3d4-43b9-9b6d-a44fe1c072f2","build_time_sec":9}
{"level":"INFO","timestamp":"2026-04-27T02:21:15.669+0500","caller":"telegram/service.go:62","message":"Telegram message sent to chat","chat_id":886449792,"message":"🛸 **НОВОЕ СООБЩЕНИЕ О ПОСТРОЙКЕ КОСМИЧЕСКОГО КОРАБЛЯ!**\n\n🆔 **ID:** 1993ef6a-2976-4a0a-bbb2-ce4b6c6be579\n📍 **Номер заказа:** c2376ab6-d3d4-43b9-9b6d-a44fe1c072f2\n📝 **Пользователь:** c2376ab6-d3d4-43b9-9b6d-a44fe1c072f2\n🕐 **Время сборки:** 9"}
{"level":"INFO","timestamp":"2026-04-27T02:21:15.669+0500","caller":"sarama@v1.47.0/consumer_group.go:976","message":"message received","member_id":"sarama-aa848fb7-f477-4180-854b-a977743fb4f8","key":"23853835-0626-4a18-8bd0-e60079113923","partition":0,"offset":8}
{"level":"INFO","timestamp":"2026-04-27T02:21:15.669+0500","caller":"consumer/groupHandler.go:69","message":"Kafka msg received","topic":"order.assembled"}
{"level":"INFO","timestamp":"2026-04-27T02:21:15.669+0500","caller":"order_assembled_consumer/handler.go:19","message":"Processing message","topic":"order.assembled","partition":0,"offset":8,"event_uuid":"23853835-0626-4a18-8bd0-e60079113923","order_uuid":"27f223be-f0c8-44fe-bc9b-976884c8cfee","user_uuid":"27f223be-f0c8-44fe-bc9b-976884c8cfee","build_time_sec":5}
{"level":"INFO","timestamp":"2026-04-27T02:21:15.937+0500","caller":"telegram/service.go:62","message":"Telegram message sent to chat","chat_id":886449792,"message":"🛸 **НОВОЕ СООБЩЕНИЕ О ПОСТРОЙКЕ КОСМИЧЕСКОГО КОРАБЛЯ!**\n\n🆔 **ID:** 23853835-0626-4a18-8bd0-e60079113923\n📍 **Номер заказа:** 27f223be-f0c8-44fe-bc9b-976884c8cfee\n📝 **Пользователь:** 27f223be-f0c8-44fe-bc9b-976884c8cfee\n🕐 **Время сборки:** 5"}
{"level":"INFO","timestamp":"2026-04-27T02:21:15.937+0500","caller":"sarama@v1.47.0/consumer_group.go:976","message":"message received","member_id":"sarama-aa848fb7-f477-4180-854b-a977743fb4f8","key":"7bacaaa5-62ea-47e4-83ff-090c181cf4dc","partition":0,"offset":9}
{"level":"INFO","timestamp":"2026-04-27T02:21:15.937+0500","caller":"consumer/groupHandler.go:69","message":"Kafka msg received","topic":"order.assembled"}
{"level":"INFO","timestamp":"2026-04-27T02:21:15.937+0500","caller":"order_assembled_consumer/handler.go:19","message":"Processing message","topic":"order.assembled","partition":0,"offset":9,"event_uuid":"7bacaaa5-62ea-47e4-83ff-090c181cf4dc","order_uuid":"d6a3bc05-8da5-4aab-b82d-71c58fff9a2a","user_uuid":"d6a3bc05-8da5-4aab-b82d-71c58fff9a2a","build_time_sec":3}
{"level":"INFO","timestamp":"2026-04-27T02:21:16.141+0500","caller":"telegram/service.go:62","message":"Telegram message sent to chat","chat_id":886449792,"message":"🛸 **НОВОЕ СООБЩЕНИЕ О ПОСТРОЙКЕ КОСМИЧЕСКОГО КОРАБЛЯ!**\n\n🆔 **ID:** 7bacaaa5-62ea-47e4-83ff-090c181cf4dc\n📍 **Номер заказа:** d6a3bc05-8da5-4aab-b82d-71c58fff9a2a\n📝 **Пользователь:** d6a3bc05-8da5-4aab-b82d-71c58fff9a2a\n🕐 **Время сборки:** 3"}
{"level":"INFO","timestamp":"2026-04-27T02:21:16.141+0500","caller":"sarama@v1.47.0/consumer_group.go:976","message":"message received","member_id":"sarama-aa848fb7-f477-4180-854b-a977743fb4f8","key":"4a7c70ff-8d0a-4fca-8aae-cd1c00450e50","partition":0,"offset":10}
{"level":"INFO","timestamp":"2026-04-27T02:21:16.142+0500","caller":"consumer/groupHandler.go:69","message":"Kafka msg received","topic":"order.assembled"}
{"level":"INFO","timestamp":"2026-04-27T02:21:16.142+0500","caller":"order_assembled_consumer/handler.go:19","message":"Processing message","topic":"order.assembled","partition":0,"offset":10,"event_uuid":"4a7c70ff-8d0a-4fca-8aae-cd1c00450e50","order_uuid":"c2376ab6-d3d4-43b9-9b6d-a44fe1c072f2","user_uuid":"c2376ab6-d3d4-43b9-9b6d-a44fe1c072f2","build_time_sec":7}
{"level":"INFO","timestamp":"2026-04-27T02:21:16.347+0500","caller":"telegram/service.go:62","message":"Telegram message sent to chat","chat_id":886449792,"message":"🛸 **НОВОЕ СООБЩЕНИЕ О ПОСТРОЙКЕ КОСМИЧЕСКОГО КОРАБЛЯ!**\n\n🆔 **ID:** 4a7c70ff-8d0a-4fca-8aae-cd1c00450e50\n📍 **Номер заказа:** c2376ab6-d3d4-43b9-9b6d-a44fe1c072f2\n📝 **Пользователь:** c2376ab6-d3d4-43b9-9b6d-a44fe1c072f2\n🕐 **Время сборки:** 7"}
{"level":"INFO","timestamp":"2026-04-27T02:21:16.347+0500","caller":"sarama@v1.47.0/consumer_group.go:976","message":"message received","member_id":"sarama-aa848fb7-f477-4180-854b-a977743fb4f8","key":"2b9bf463-ba11-40cd-b7f9-e17b97483858","partition":0,"offset":11}
{"level":"INFO","timestamp":"2026-04-27T02:21:16.347+0500","caller":"consumer/groupHandler.go:69","message":"Kafka msg received","topic":"order.assembled"}
{"level":"INFO","timestamp":"2026-04-27T02:21:16.347+0500","caller":"order_assembled_consumer/handler.go:19","message":"Processing message","topic":"order.assembled","partition":0,"offset":11,"event_uuid":"2b9bf463-ba11-40cd-b7f9-e17b97483858","order_uuid":"c2376ab6-d3d4-43b9-9b6d-a44fe1c072f2","user_uuid":"c2376ab6-d3d4-43b9-9b6d-a44fe1c072f2","build_time_sec":8}
{"level":"INFO","timestamp":"2026-04-27T02:21:16.552+0500","caller":"telegram/service.go:62","message":"Telegram message sent to chat","chat_id":886449792,"message":"🛸 **НОВОЕ СООБЩЕНИЕ О ПОСТРОЙКЕ КОСМИЧЕСКОГО КОРАБЛЯ!**\n\n🆔 **ID:** 2b9bf463-ba11-40cd-b7f9-e17b97483858\n📍 **Номер заказа:** c2376ab6-d3d4-43b9-9b6d-a44fe1c072f2\n📝 **Пользователь:** c2376ab6-d3d4-43b9-9b6d-a44fe1c072f2\n🕐 **Время сборки:** 8"}
{"level":"INFO","timestamp":"2026-04-27T02:21:16.552+0500","caller":"sarama@v1.47.0/consumer_group.go:976","message":"message received","member_id":"sarama-aa848fb7-f477-4180-854b-a977743fb4f8","key":"24874f67-2e83-4a42-a169-df8842f2d667","partition":0,"offset":12}
{"level":"INFO","timestamp":"2026-04-27T02:21:16.552+0500","caller":"consumer/groupHandler.go:69","message":"Kafka msg received","topic":"order.assembled"}
{"level":"INFO","timestamp":"2026-04-27T02:21:16.552+0500","caller":"order_assembled_consumer/handler.go:19","message":"Processing message","topic":"order.assembled","partition":0,"offset":12,"event_uuid":"24874f67-2e83-4a42-a169-df8842f2d667","order_uuid":"d6a3bc05-8da5-4aab-b82d-71c58fff9a2a","user_uuid":"d6a3bc05-8da5-4aab-b82d-71c58fff9a2a","build_time_sec":6}
{"level":"INFO","timestamp":"2026-04-27T02:21:16.757+0500","caller":"telegram/service.go:62","message":"Telegram message sent to chat","chat_id":886449792,"message":"🛸 **НОВОЕ СООБЩЕНИЕ О ПОСТРОЙКЕ КОСМИЧЕСКОГО КОРАБЛЯ!**\n\n🆔 **ID:** 24874f67-2e83-4a42-a169-df8842f2d667\n📍 **Номер заказа:** d6a3bc05-8da5-4aab-b82d-71c58fff9a2a\n📝 **Пользователь:** d6a3bc05-8da5-4aab-b82d-71c58fff9a2a\n🕐 **Время сборки:** 6"}
{"level":"INFO","timestamp":"2026-04-27T02:21:16.757+0500","caller":"sarama@v1.47.0/consumer_group.go:976","message":"message received","member_id":"sarama-aa848fb7-f477-4180-854b-a977743fb4f8","key":"a8691660-83d9-4f25-9180-fb92e991c858","partition":0,"offset":13}
{"level":"INFO","timestamp":"2026-04-27T02:21:16.757+0500","caller":"consumer/groupHandler.go:69","message":"Kafka msg received","topic":"order.assembled"}
{"level":"INFO","timestamp":"2026-04-27T02:21:16.757+0500","caller":"order_assembled_consumer/handler.go:19","message":"Processing message","topic":"order.assembled","partition":0,"offset":13,"event_uuid":"a8691660-83d9-4f25-9180-fb92e991c858","order_uuid":"c2376ab6-d3d4-43b9-9b6d-a44fe1c072f2","user_uuid":"c2376ab6-d3d4-43b9-9b6d-a44fe1c072f2","build_time_sec":2}
{"level":"INFO","timestamp":"2026-04-27T02:21:16.961+0500","caller":"telegram/service.go:62","message":"Telegram message sent to chat","chat_id":886449792,"message":"🛸 **НОВОЕ СООБЩЕНИЕ О ПОСТРОЙКЕ КОСМИЧЕСКОГО КОРАБЛЯ!**\n\n🆔 **ID:** a8691660-83d9-4f25-9180-fb92e991c858\n📍 **Номер заказа:** c2376ab6-d3d4-43b9-9b6d-a44fe1c072f2\n📝 **Пользователь:** c2376ab6-d3d4-43b9-9b6d-a44fe1c072f2\n🕐 **Время сборки:** 2"}
{"level":"INFO","timestamp":"2026-04-27T02:21:16.962+0500","caller":"sarama@v1.47.0/consumer_group.go:976","message":"message received","member_id":"sarama-aa848fb7-f477-4180-854b-a977743fb4f8","key":"3ee17384-2359-47ae-a098-b83fec2d0455","partition":0,"offset":14}
{"level":"INFO","timestamp":"2026-04-27T02:21:16.962+0500","caller":"consumer/groupHandler.go:69","message":"Kafka msg received","topic":"order.assembled"}
{"level":"INFO","timestamp":"2026-04-27T02:21:16.962+0500","caller":"order_assembled_consumer/handler.go:19","message":"Processing message","topic":"order.assembled","partition":0,"offset":14,"event_uuid":"3ee17384-2359-47ae-a098-b83fec2d0455","order_uuid":"27f223be-f0c8-44fe-bc9b-976884c8cfee","user_uuid":"27f223be-f0c8-44fe-bc9b-976884c8cfee","build_time_sec":9}
{"level":"INFO","timestamp":"2026-04-27T02:21:17.166+0500","caller":"telegram/service.go:62","message":"Telegram message sent to chat","chat_id":886449792,"message":"🛸 **НОВОЕ СООБЩЕНИЕ О ПОСТРОЙКЕ КОСМИЧЕСКОГО КОРАБЛЯ!**\n\n🆔 **ID:** 3ee17384-2359-47ae-a098-b83fec2d0455\n📍 **Номер заказа:** 27f223be-f0c8-44fe-bc9b-976884c8cfee\n📝 **Пользователь:** 27f223be-f0c8-44fe-bc9b-976884c8cfee\n🕐 **Время сборки:** 9"}
{"level":"INFO","timestamp":"2026-04-27T02:21:17.166+0500","caller":"sarama@v1.47.0/consumer_group.go:976","message":"message received","member_id":"sarama-aa848fb7-f477-4180-854b-a977743fb4f8","key":"3df6efc7-134e-451a-8de0-0a2a5e283724","partition":0,"offset":15}
{"level":"INFO","timestamp":"2026-04-27T02:21:17.166+0500","caller":"consumer/groupHandler.go:69","message":"Kafka msg received","topic":"order.assembled"}
{"level":"INFO","timestamp":"2026-04-27T02:21:17.166+0500","caller":"order_assembled_consumer/handler.go:19","message":"Processing message","topic":"order.assembled","partition":0,"offset":15,"event_uuid":"3df6efc7-134e-451a-8de0-0a2a5e283724","order_uuid":"c2376ab6-d3d4-43b9-9b6d-a44fe1c072f2","user_uuid":"c2376ab6-d3d4-43b9-9b6d-a44fe1c072f2","build_time_sec":10}
{"level":"INFO","timestamp":"2026-04-27T02:21:17.371+0500","caller":"telegram/service.go:62","message":"Telegram message sent to chat","chat_id":886449792,"message":"🛸 **НОВОЕ СООБЩЕНИЕ О ПОСТРОЙКЕ КОСМИЧЕСКОГО КОРАБЛЯ!**\n\n🆔 **ID:** 3df6efc7-134e-451a-8de0-0a2a5e283724\n📍 **Номер заказа:** c2376ab6-d3d4-43b9-9b6d-a44fe1c072f2\n📝 **Пользователь:** c2376ab6-d3d4-43b9-9b6d-a44fe1c072f2\n🕐 **Время сборки:** 10"}
{"level":"INFO","timestamp":"2026-04-27T02:21:17.371+0500","caller":"sarama@v1.47.0/consumer_group.go:976","message":"message received","member_id":"sarama-aa848fb7-f477-4180-854b-a977743fb4f8","key":"b9c14180-ea6d-42df-81db-8d6101bb913e","partition":0,"offset":16}
{"level":"INFO","timestamp":"2026-04-27T02:21:17.372+0500","caller":"consumer/groupHandler.go:69","message":"Kafka msg received","topic":"order.assembled"}
{"level":"INFO","timestamp":"2026-04-27T02:21:17.372+0500","caller":"order_assembled_consumer/handler.go:19","message":"Processing message","topic":"order.assembled","partition":0,"offset":16,"event_uuid":"b9c14180-ea6d-42df-81db-8d6101bb913e","order_uuid":"d6a3bc05-8da5-4aab-b82d-71c58fff9a2a","user_uuid":"d6a3bc05-8da5-4aab-b82d-71c58fff9a2a","build_time_sec":5}
{"level":"INFO","timestamp":"2026-04-27T02:21:17.575+0500","caller":"telegram/service.go:62","message":"Telegram message sent to chat","chat_id":886449792,"message":"🛸 **НОВОЕ СООБЩЕНИЕ О ПОСТРОЙКЕ КОСМИЧЕСКОГО КОРАБЛЯ!**\n\n🆔 **ID:** b9c14180-ea6d-42df-81db-8d6101bb913e\n📍 **Номер заказа:** d6a3bc05-8da5-4aab-b82d-71c58fff9a2a\n📝 **Пользователь:** d6a3bc05-8da5-4aab-b82d-71c58fff9a2a\n🕐 **Время сборки:** 5"}
{"level":"INFO","timestamp":"2026-04-27T02:21:31.355+0500","caller":"app/app.go:55","message":"Shutdown signal received"}
{"level":"INFO","timestamp":"2026-04-27T02:21:31.355+0500","caller":"sarama@v1.47.0/consumer_group.go:976","message":"Kafka session context done"}
{"level":"INFO","timestamp":"2026-04-27T02:21:31.355+0500","caller":"sarama@v1.47.0/consumer_group.go:976","message":"Kafka session context done"}
{"level":"INFO","timestamp":"2026-04-27T02:21:31.355+0500","caller":"runtime/asm_amd64.s:1693","message":"🛑 Получен системный сигнал, начинаем graceful shutdown..."}
{"level":"INFO","timestamp":"2026-04-27T02:21:31.355+0500","caller":"sarama@v1.47.0/consumer_group.go:976","message":"Kafka session context done"}
{"level":"INFO","timestamp":"2026-04-27T02:21:31.355+0500","caller":"sarama@v1.47.0/consumer_group.go:976","message":"Kafka session context done"}
{"level":"INFO","timestamp":"2026-04-27T02:21:31.355+0500","caller":"sync/once.go:78","message":"ℹ️ Нет функций для закрытия."}
